Method,Model,Sample_Index,Original_Class,Counterfactual_Class,Generation_Time,Tp_Sparsity,Seg_Sparsity,DTW,L1,L2,CF_Conf,Orig_Rob_Gauss_eps0.00,Orig_Conf_Gauss_eps0.00,Orig_Rob_Adv_eps0.00,Orig_Conf_Adv_eps0.00,CF_Rob_Gauss_eps0.00,CF_Conf_Gauss_eps0.00,CF_Rob_Adv_eps0.00,CF_Conf_Adv_eps0.00,Orig_Rob_Gauss_eps0.20,Orig_Conf_Gauss_eps0.20,Orig_Rob_Adv_eps0.20,Orig_Conf_Adv_eps0.20,CF_Rob_Gauss_eps0.20,CF_Conf_Gauss_eps0.20,CF_Rob_Adv_eps0.20,CF_Conf_Adv_eps0.20,Orig_Rob_Gauss_eps0.40,Orig_Conf_Gauss_eps0.40,Orig_Rob_Adv_eps0.40,Orig_Conf_Adv_eps0.40,CF_Rob_Gauss_eps0.40,CF_Conf_Gauss_eps0.40,CF_Rob_Adv_eps0.40,CF_Conf_Adv_eps0.40,Orig_Rob_Gauss_eps0.60,Orig_Conf_Gauss_eps0.60,Orig_Rob_Adv_eps0.60,Orig_Conf_Adv_eps0.60,CF_Rob_Gauss_eps0.60,CF_Conf_Gauss_eps0.60,CF_Rob_Adv_eps0.60,CF_Conf_Adv_eps0.60,Orig_Rob_Gauss_eps0.80,Orig_Conf_Gauss_eps0.80,Orig_Rob_Adv_eps0.80,Orig_Conf_Adv_eps0.80,CF_Rob_Gauss_eps0.80,CF_Conf_Gauss_eps0.80,CF_Rob_Adv_eps0.80,CF_Conf_Adv_eps0.80,Orig_Rob_Gauss_eps1.00,Orig_Conf_Gauss_eps1.00,Orig_Rob_Adv_eps1.00,Orig_Conf_Adv_eps1.00,CF_Rob_Gauss_eps1.00,CF_Conf_Gauss_eps1.00,CF_Rob_Adv_eps1.00,CF_Conf_Adv_eps1.00,Orig_Rob_Gauss_eps1.20,Orig_Conf_Gauss_eps1.20,Orig_Rob_Adv_eps1.20,Orig_Conf_Adv_eps1.20,CF_Rob_Gauss_eps1.20,CF_Conf_Gauss_eps1.20,CF_Rob_Adv_eps1.20,CF_Conf_Adv_eps1.20,Orig_Rob_Gauss_eps1.40,Orig_Conf_Gauss_eps1.40,Orig_Rob_Adv_eps1.40,Orig_Conf_Adv_eps1.40,CF_Rob_Gauss_eps1.40,CF_Conf_Gauss_eps1.40,CF_Rob_Adv_eps1.40,CF_Conf_Adv_eps1.40,Orig_Rob_Gauss_eps1.60,Orig_Conf_Gauss_eps1.60,Orig_Rob_Adv_eps1.60,Orig_Conf_Adv_eps1.60,CF_Rob_Gauss_eps1.60,CF_Conf_Gauss_eps1.60,CF_Rob_Adv_eps1.60,CF_Conf_Adv_eps1.60,Orig_Rob_Gauss_eps1.80,Orig_Conf_Gauss_eps1.80,Orig_Rob_Adv_eps1.80,Orig_Conf_Adv_eps1.80,CF_Rob_Gauss_eps1.80,CF_Conf_Gauss_eps1.80,CF_Rob_Adv_eps1.80,CF_Conf_Adv_eps1.80,Orig_Rob_Gauss_eps2.00,Orig_Conf_Gauss_eps2.00,Orig_Rob_Adv_eps2.00,Orig_Conf_Adv_eps2.00,CF_Rob_Gauss_eps2.00,CF_Conf_Gauss_eps2.00,CF_Rob_Adv_eps2.00,CF_Conf_Adv_eps2.00
COMTE,LSTMFCN,1145,0,3,186.8712,0.0,0.0,2.6467,67.1397,7.146,0.8896,1.0,0.9941,1.0,0.8681,1.0,0.8896,0.0,0.0115,1.0,0.996,1.0,0.9205,1.0,0.7859,0.0,0.0105,1.0,0.9999,1.0,0.9778,0.0,0.0018,0.0,0.0043,1.0,0.9999,1.0,0.9891,0.0,0.0002,0.0,0.0011,1.0,0.9999,1.0,0.9936,0.0,0.0001,0.0,0.0004,1.0,0.9992,1.0,0.9957,0.0,0.0001,0.0,0.0003,1.0,0.9921,1.0,0.997,0.0,0.0005,0.0,0.0002,0.0,0.1042,1.0,0.9983,0.0,0.0002,0.0,0.0002,0.0,0.0052,1.0,0.9988,0.0,0.0001,0.0,0.0002,0.0,0.0004,1.0,0.9991,0.0,0.0,0.0,0.0002,0.0,0.0118,1.0,0.9993,0.0,0.0,0.0,0.0002
COMTE,LSTMFCN,815,0,2,384.6623,0.0,0.0,4.6465,117.0751,13.812,0.9164,1.0,0.9995,1.0,0.9909,1.0,0.9164,0.0,0.3093,1.0,0.9997,1.0,0.995,1.0,0.8132,0.0,0.1009,1.0,1.0,1.0,0.9963,0.0,0.0601,0.0,0.0197,1.0,1.0,1.0,0.9939,0.0,0.0199,0.0,0.0055,1.0,0.9999,1.0,0.9839,0.0,0.0024,0.0,0.0027,1.0,0.9973,1.0,0.9673,0.0,0.006,0.0,0.0016,1.0,0.9979,1.0,0.9627,0.0,0.0097,0.0,0.0009,1.0,0.5814,1.0,0.9737,0.0,0.0056,0.0,0.0005,0.0,0.0222,1.0,0.9864,0.0,0.0015,0.0,0.0002,0.0,0.0932,1.0,0.9934,0.0,0.0001,0.0,0.0001,0.0,0.0004,1.0,0.9963,0.0,0.0002,0.0,0.0
COMTE,LSTMFCN,2755,1,3,478.2036,0.0071,0.0,8.1132,110.2854,13.8,0.8896,1.0,0.9053,0.0,0.0024,1.0,0.8896,0.0,0.0115,1.0,0.9155,0.0,0.005,1.0,0.7682,0.0,0.0105,1.0,0.9888,0.0,0.0016,0.0,0.0094,0.0,0.0043,1.0,0.9305,0.0,0.0004,0.0,0.0008,0.0,0.0011,1.0,0.9309,0.0,0.0003,0.0,0.0004,0.0,0.0004,1.0,0.816,0.0,0.0003,0.0,0.003,0.0,0.0003,1.0,0.922,0.0,0.0003,0.0,0.001,0.0,0.0002,1.0,0.9288,0.0,0.0004,0.0,0.0001,0.0,0.0002,0.0,0.3802,0.0,0.0004,0.0,0.0002,0.0,0.0002,1.0,0.6146,0.0,0.0004,0.0,0.0,0.0,0.0002,0.0,0.4532,0.0,0.0004,0.0,0.0,0.0,0.0002
COMTE,LSTMFCN,1079,0,1,482.8278,0.0071,0.0,5.7954,99.8746,10.82,0.9725,1.0,0.927,1.0,0.9972,1.0,0.9725,1.0,0.5453,1.0,0.9823,1.0,0.9972,1.0,0.8926,0.0,0.2245,1.0,0.9999,1.0,0.9989,1.0,0.8973,0.0,0.0202,1.0,0.9999,1.0,0.9995,1.0,0.7025,0.0,0.0012,1.0,1.0,1.0,0.9997,0.0,0.4512,0.0,0.0003,1.0,0.9993,1.0,0.9998,0.0,0.3147,0.0,0.0002,1.0,0.9998,1.0,0.9999,1.0,0.5223,0.0,0.0002,1.0,0.8702,1.0,0.9999,0.0,0.2377,0.0,0.0002,0.0,0.0877,1.0,0.9999,0.0,0.1306,0.0,0.0003,0.0,0.0008,1.0,0.9999,0.0,0.0143,0.0,0.0003,0.0,0.0176,1.0,0.9998,0.0,0.0005,0.0,0.0003
COMTE,LSTMFCN,1546,0,2,499.0481,0.0143,0.0,5.2891,127.841,15.1554,0.9164,1.0,0.9998,1.0,0.954,1.0,0.9164,0.0,0.3093,1.0,0.9999,1.0,0.9762,1.0,0.8173,0.0,0.1009,1.0,1.0,1.0,0.9952,0.0,0.0573,0.0,0.0197,1.0,1.0,1.0,0.9977,0.0,0.0139,0.0,0.0055,1.0,1.0,1.0,0.9975,0.0,0.0128,0.0,0.0027,1.0,0.9999,1.0,0.9974,0.0,0.0076,0.0,0.0016,1.0,0.9935,1.0,0.9976,0.0,0.0402,0.0,0.0009,1.0,0.8041,1.0,0.9981,0.0,0.0015,0.0,0.0005,1.0,0.9309,1.0,0.9986,0.0,0.0016,0.0,0.0002,0.0,0.0081,1.0,0.9989,0.0,0.0004,0.0,0.0001,0.0,0.005,1.0,0.999,0.0,0.0005,0.0,0.0
COMTE,LSTMFCN,3433,1,3,496.1911,0.0,0.0,7.2355,106.8324,13.717,0.8896,1.0,0.9459,0.0,0.0059,1.0,0.8896,0.0,0.0115,1.0,0.8498,0.0,0.0005,1.0,0.7703,0.0,0.0105,1.0,0.7896,0.0,0.0,0.0,0.0081,0.0,0.0043,1.0,0.9313,0.0,0.0,0.0,0.0001,0.0,0.0011,1.0,0.9563,0.0,0.0,0.0,0.0001,0.0,0.0004,1.0,0.9633,0.0,0.0,0.0,0.0003,0.0,0.0003,1.0,0.5679,0.0,0.0,0.0,0.0001,0.0,0.0002,1.0,0.9199,0.0,0.0,0.0,0.0002,0.0,0.0002,0.0,0.4082,0.0,0.0,0.0,0.0001,0.0,0.0002,1.0,0.9277,0.0,0.0,0.0,0.0,0.0,0.0002,1.0,0.6969,0.0,0.0,0.0,0.0,0.0,0.0002
COMTE,LSTMFCN,4250,1,3,488.8,0.0,0.0,9.0259,118.2227,15.0043,0.8896,1.0,0.9491,0.0,0.0008,1.0,0.8896,0.0,0.0115,1.0,0.9235,0.0,0.0009,1.0,0.5901,0.0,0.0105,1.0,0.9552,0.0,0.0001,0.0,0.0006,0.0,0.0043,1.0,0.8668,0.0,0.0,0.0,0.0001,0.0,0.0011,1.0,0.9221,0.0,0.0,0.0,0.0003,0.0,0.0004,1.0,0.9541,0.0,0.0,0.0,0.0,0.0,0.0003,1.0,0.9975,0.0,0.0,0.0,0.0004,0.0,0.0002,1.0,0.9811,0.0,0.0,0.0,0.0014,0.0,0.0002,0.0,0.2805,0.0,0.0001,0.0,0.0004,0.0,0.0002,1.0,0.7578,0.0,0.0001,0.0,0.0,0.0,0.0002,0.0,0.0441,0.0,0.0001,0.0,0.0,0.0,0.0002
COMTE,LSTMFCN,1811,0,3,468.811,0.0071,0.0,4.6327,72.4414,7.61,0.8896,1.0,0.9921,1.0,0.7474,1.0,0.8896,0.0,0.0115,1.0,0.9922,1.0,0.8912,0.0,0.3674,0.0,0.0105,1.0,1.0,1.0,0.9373,0.0,0.0015,0.0,0.0043,1.0,0.9999,1.0,0.9575,0.0,0.0,0.0,0.0011,1.0,0.9999,1.0,0.9752,0.0,0.0,0.0,0.0004,1.0,0.9999,1.0,0.9836,0.0,0.0002,0.0,0.0003,1.0,0.9971,1.0,0.991,0.0,0.0013,0.0,0.0002,1.0,0.9935,1.0,0.9957,0.0,0.0,0.0,0.0002,0.0,0.0096,1.0,0.9981,0.0,0.0001,0.0,0.0002,0.0,0.0051,1.0,0.9989,0.0,0.0,0.0,0.0002,0.0,0.0067,1.0,0.9992,0.0,0.0,0.0,0.0002
COMTE,LSTMFCN,2390,0,2,267.5911,0.0071,0.0,10.0727,98.415,14.4819,0.9632,1.0,0.9999,1.0,0.9702,1.0,0.9632,0.0,0.3489,1.0,1.0,1.0,0.9725,1.0,0.8617,0.0,0.0657,1.0,1.0,1.0,0.9781,1.0,0.4896,0.0,0.0069,1.0,1.0,1.0,0.986,0.0,0.0107,0.0,0.0023,1.0,1.0,1.0,0.9893,0.0,0.0192,0.0,0.0007,1.0,1.0,1.0,0.992,0.0,0.0152,0.0,0.0001,1.0,0.9996,1.0,0.9937,0.0,0.0049,0.0,0.0001,1.0,0.8462,1.0,0.9944,0.0,0.0135,0.0,0.0,1.0,0.5429,1.0,0.9959,0.0,0.0019,0.0,0.0,0.0,0.002,1.0,0.9972,0.0,0.0006,0.0,0.0,0.0,0.0081,1.0,0.9981,0.0,0.0006,0.0,0.0
COMTE,LSTMFCN,2466,0,2,489.9268,0.0143,0.0,6.4088,114.3892,13.0483,0.9164,1.0,0.9998,1.0,0.955,1.0,0.9164,0.0,0.3093,1.0,0.9999,1.0,0.9704,1.0,0.8362,0.0,0.1009,1.0,1.0,1.0,0.993,0.0,0.0574,0.0,0.0197,1.0,1.0,1.0,0.998,0.0,0.0207,0.0,0.0055,1.0,1.0,1.0,0.9984,0.0,0.0071,0.0,0.0027,1.0,1.0,1.0,0.9978,0.0,0.0011,0.0,0.0016,1.0,0.9996,1.0,0.9967,0.0,0.0069,0.0,0.0009,1.0,0.9923,1.0,0.9959,0.0,0.0056,0.0,0.0005,0.0,0.045,1.0,0.9961,0.0,0.0025,0.0,0.0002,0.0,0.035,1.0,0.9966,0.0,0.0008,0.0,0.0001,0.0,0.0902,1.0,0.9976,0.0,0.0001,0.0,0.0
COMTE,LSTMFCN,4188,1,3,497.864,0.0,0.0,10.2573,125.5493,16.9348,0.8896,1.0,0.9847,0.0,0.0002,1.0,0.8896,0.0,0.0115,1.0,0.9558,0.0,0.0002,1.0,0.732,0.0,0.0105,1.0,0.9615,0.0,0.0001,0.0,0.0004,0.0,0.0043,1.0,0.957,0.0,0.0,0.0,0.0001,0.0,0.0011,1.0,0.9404,0.0,0.0,0.0,0.0,0.0,0.0004,1.0,0.9943,0.0,0.0,0.0,0.0002,0.0,0.0003,1.0,0.9528,0.0,0.0001,0.0,0.0002,0.0,0.0002,1.0,0.9835,0.0,0.0001,0.0,0.0001,0.0,0.0002,1.0,0.847,0.0,0.0001,0.0,0.0005,0.0,0.0002,1.0,0.7375,0.0,0.0001,0.0,0.0001,0.0,0.0002,0.0,0.0184,0.0,0.0001,0.0,0.0,0.0,0.0002
COMTE,LSTMFCN,1522,0,2,366.8031,0.0,0.0,7.8867,119.7455,14.5111,0.9164,1.0,0.9999,1.0,0.9722,1.0,0.9164,0.0,0.3093,1.0,1.0,1.0,0.982,1.0,0.8242,0.0,0.1009,1.0,1.0,1.0,0.9957,0.0,0.0588,0.0,0.0197,1.0,1.0,1.0,0.9975,0.0,0.0022,0.0,0.0055,1.0,1.0,1.0,0.9971,0.0,0.0085,0.0,0.0027,1.0,1.0,1.0,0.9966,0.0,0.0154,0.0,0.0016,1.0,0.9949,1.0,0.9969,0.0,0.0056,0.0,0.0009,1.0,0.9704,1.0,0.9978,0.0,0.005,0.0,0.0005,1.0,0.5442,1.0,0.9986,0.0,0.0021,0.0,0.0002,0.0,0.1957,1.0,0.9991,0.0,0.0043,0.0,0.0001,0.0,0.0001,1.0,0.9994,0.0,0.0003,0.0,0.0
COMTE,LSTMFCN,2077,0,2,206.1197,0.0,0.0,6.5982,103.9595,12.7777,0.9164,1.0,1.0,1.0,0.9185,1.0,0.9164,0.0,0.3093,1.0,1.0,1.0,0.7046,1.0,0.687,0.0,0.1009,1.0,1.0,1.0,0.5282,0.0,0.0551,0.0,0.0197,1.0,1.0,1.0,0.8822,0.0,0.0057,0.0,0.0055,1.0,1.0,1.0,0.9902,0.0,0.0107,0.0,0.0027,1.0,0.9988,1.0,0.9972,0.0,0.0178,0.0,0.0016,1.0,1.0,1.0,0.9986,0.0,0.0285,0.0,0.0009,1.0,0.9794,1.0,0.9992,0.0,0.0144,0.0,0.0005,0.0,0.1104,1.0,0.9995,0.0,0.0045,0.0,0.0002,0.0,0.0225,1.0,0.9997,0.0,0.0016,0.0,0.0001,0.0,0.0,1.0,0.9998,0.0,0.0002,0.0,0.0
COMTE,LSTMFCN,2329,0,4,201.354,0.0,0.0,6.2569,107.6636,13.3069,0.9688,1.0,0.9964,1.0,0.9658,1.0,0.9688,0.0,0.0016,1.0,0.9992,1.0,0.892,1.0,0.93,0.0,0.0007,1.0,0.9998,1.0,0.9034,1.0,0.7035,0.0,0.0006,1.0,0.9997,1.0,0.979,0.0,0.2329,0.0,0.0005,1.0,1.0,1.0,0.994,1.0,0.584,0.0,0.0007,1.0,0.9997,1.0,0.9969,1.0,0.9712,0.0,0.001,1.0,0.9407,1.0,0.998,1.0,0.936,0.0,0.001,1.0,0.9329,1.0,0.9985,1.0,0.9528,0.0,0.001,0.0,0.1016,1.0,0.9986,1.0,0.9981,0.0,0.0011,0.0,0.2508,1.0,0.9987,1.0,0.9966,0.0,0.0011,0.0,0.0154,1.0,0.9987,1.0,0.9999,0.0,0.0012
COMTE,LSTMFCN,780,0,3,207.6473,0.0,0.0,3.8469,71.0313,7.5001,0.8896,1.0,0.9986,1.0,0.9723,1.0,0.8896,0.0,0.0115,1.0,0.9985,1.0,0.936,1.0,0.7991,0.0,0.0105,1.0,0.9999,1.0,0.9298,0.0,0.0026,0.0,0.0043,1.0,1.0,1.0,0.9379,0.0,0.0001,0.0,0.0011,1.0,0.9994,1.0,0.9552,0.0,0.0001,0.0,0.0004,1.0,0.9999,1.0,0.9699,0.0,0.0001,0.0,0.0003,1.0,0.9798,1.0,0.9776,0.0,0.0004,0.0,0.0002,0.0,0.179,1.0,0.9878,0.0,0.0007,0.0,0.0002,1.0,0.735,1.0,0.9943,0.0,0.0,0.0,0.0002,0.0,0.0084,1.0,0.9966,0.0,0.0,0.0,0.0002,0.0,0.0036,1.0,0.9974,0.0,0.0,0.0,0.0002
COMTE,LSTMFCN,4091,2,3,207.4814,0.0,0.0,11.2466,110.7501,15.7704,0.8896,1.0,0.9986,1.0,0.9159,1.0,0.8896,0.0,0.0115,1.0,0.9504,0.0,0.2039,1.0,0.7839,0.0,0.0105,0.0,0.1192,0.0,0.0033,0.0,0.0045,0.0,0.0043,0.0,0.0114,0.0,0.0004,0.0,0.0001,0.0,0.0011,0.0,0.0044,0.0,0.0001,0.0,0.0003,0.0,0.0004,0.0,0.0101,0.0,0.0,0.0,0.0004,0.0,0.0003,0.0,0.0221,0.0,0.0,0.0,0.0014,0.0,0.0002,0.0,0.1186,0.0,0.0,0.0,0.0004,0.0,0.0002,0.0,0.0043,0.0,0.0,0.0,0.0,0.0,0.0002,0.0,0.0039,0.0,0.0,0.0,0.0001,0.0,0.0002,0.0,0.0055,0.0,0.0,0.0,0.0,0.0,0.0002
COMTE,LSTMFCN,3135,1,3,201.0724,0.0,0.0,9.5379,122.7542,16.0038,0.8896,1.0,0.9363,0.0,0.0004,1.0,0.8896,0.0,0.0115,1.0,0.8966,0.0,0.0001,1.0,0.7584,0.0,0.0105,1.0,0.9494,0.0,0.0,0.0,0.002,0.0,0.0043,1.0,0.9638,0.0,0.0,0.0,0.0005,0.0,0.0011,1.0,0.6659,0.0,0.0,0.0,0.0001,0.0,0.0004,1.0,0.8711,0.0,0.0,0.0,0.0005,0.0,0.0003,1.0,0.9575,0.0,0.0001,0.0,0.0,0.0,0.0002,1.0,0.991,0.0,0.0001,0.0,0.0004,0.0,0.0002,1.0,0.8881,0.0,0.0001,0.0,0.0,0.0,0.0002,1.0,0.8648,0.0,0.0001,0.0,0.0,0.0,0.0002,0.0,0.0342,0.0,0.0,0.0,0.0,0.0,0.0002
COMTE,LSTMFCN,3764,1,3,205.4021,0.0,0.0,7.8325,109.8616,13.7889,0.8896,1.0,0.9683,0.0,0.0038,1.0,0.8896,0.0,0.0115,1.0,0.947,0.0,0.0022,1.0,0.7888,0.0,0.0105,1.0,0.9824,0.0,0.001,0.0,0.0039,0.0,0.0043,1.0,0.9348,0.0,0.0002,0.0,0.0007,0.0,0.0011,1.0,0.8741,0.0,0.0002,0.0,0.0002,0.0,0.0004,1.0,0.9825,0.0,0.0002,0.0,0.0005,0.0,0.0003,1.0,0.9213,0.0,0.0002,0.0,0.0014,0.0,0.0002,1.0,0.9367,0.0,0.0002,0.0,0.0,0.0,0.0002,1.0,0.7446,0.0,0.0003,0.0,0.0,0.0,0.0002,1.0,0.6744,0.0,0.0004,0.0,0.0,0.0,0.0002,1.0,0.7471,0.0,0.0005,0.0,0.0,0.0,0.0002
COMTE,LSTMFCN,3268,1,3,202.6091,0.0,0.0,8.3629,114.2481,14.4556,0.8896,1.0,0.8242,0.0,0.0006,1.0,0.8896,0.0,0.0115,1.0,0.6823,0.0,0.0001,0.0,0.2933,0.0,0.0105,1.0,0.8873,0.0,0.0,0.0,0.0075,0.0,0.0043,0.0,0.3683,0.0,0.0,0.0,0.0001,0.0,0.0011,1.0,0.764,0.0,0.0,0.0,0.0005,0.0,0.0004,1.0,0.9572,0.0,0.0,0.0,0.0009,0.0,0.0003,1.0,0.9045,0.0,0.0,0.0,0.0,0.0,0.0002,1.0,0.9723,0.0,0.0,0.0,0.0001,0.0,0.0002,1.0,0.8098,0.0,0.0001,0.0,0.0001,0.0,0.0002,0.0,0.3338,0.0,0.0001,0.0,0.0,0.0,0.0002,0.0,0.0186,0.0,0.0001,0.0,0.0,0.0,0.0002
COMTE,LSTMFCN,2280,0,2,202.0905,0.0,0.0,5.1696,119.9039,14.1502,0.9164,1.0,0.9999,1.0,0.9565,1.0,0.9164,0.0,0.3093,1.0,0.9999,1.0,0.9669,1.0,0.8277,0.0,0.1009,1.0,1.0,1.0,0.9846,0.0,0.0603,0.0,0.0197,1.0,1.0,1.0,0.9924,0.0,0.015,0.0,0.0055,1.0,1.0,1.0,0.995,0.0,0.0043,0.0,0.0027,1.0,1.0,1.0,0.9964,0.0,0.0007,0.0,0.0016,1.0,0.9964,1.0,0.9968,0.0,0.0048,0.0,0.0009,1.0,0.9038,1.0,0.9967,0.0,0.0007,0.0,0.0005,1.0,0.8281,1.0,0.997,0.0,0.0049,0.0,0.0002,0.0,0.0017,1.0,0.9979,0.0,0.0,0.0,0.0001,0.0,0.0005,1.0,0.9985,0.0,0.0,0.0,0.0
COMTE,LSTMFCN,2446,0,4,202.6452,0.0071,0.0,3.8321,85.711,11.9238,0.9688,1.0,0.9996,1.0,0.9825,1.0,0.9688,0.0,0.0016,1.0,0.9998,1.0,0.9875,1.0,0.9294,0.0,0.0007,1.0,1.0,1.0,0.9855,1.0,0.5231,0.0,0.0006,1.0,0.9999,1.0,0.9649,0.0,0.3113,0.0,0.0005,1.0,0.9998,1.0,0.9624,0.0,0.1543,0.0,0.0007,1.0,0.9868,1.0,0.9728,1.0,0.4956,0.0,0.001,1.0,0.653,1.0,0.9845,1.0,0.996,0.0,0.001,0.0,0.4368,1.0,0.9874,1.0,0.9928,0.0,0.001,0.0,0.2064,1.0,0.9898,1.0,0.9959,0.0,0.0011,0.0,0.0281,1.0,0.9902,1.0,0.9996,0.0,0.0011,0.0,0.0001,1.0,0.9902,1.0,0.9896,0.0,0.0012
COMTE,LSTMFCN,4297,1,3,202.5847,0.0071,0.0,9.732,138.5057,17.4791,0.8896,1.0,0.9958,0.0,0.0001,1.0,0.8896,0.0,0.0115,1.0,0.9896,0.0,0.0002,1.0,0.7333,0.0,0.0105,1.0,0.9966,0.0,0.0002,0.0,0.0018,0.0,0.0043,1.0,0.9942,0.0,0.0001,0.0,0.0002,0.0,0.0011,1.0,0.6965,0.0,0.0001,0.0,0.0002,0.0,0.0004,1.0,0.9765,0.0,0.0001,0.0,0.001,0.0,0.0003,1.0,0.9762,0.0,0.0001,0.0,0.0004,0.0,0.0002,1.0,0.749,0.0,0.0001,0.0,0.0002,0.0,0.0002,1.0,0.891,0.0,0.0001,0.0,0.0001,0.0,0.0002,1.0,0.6163,0.0,0.0002,0.0,0.0,0.0,0.0002,1.0,0.6997,0.0,0.0002,0.0,0.0,0.0,0.0002
COMTE,LSTMFCN,3032,1,0,202.9171,0.0,0.0,6.9339,73.5885,8.5123,0.9999,1.0,0.8898,0.0,0.0025,1.0,0.9999,1.0,0.9959,0.0,0.4415,0.0,0.0005,1.0,0.9999,1.0,0.9951,0.0,0.0352,0.0,0.0003,1.0,1.0,1.0,0.998,0.0,0.0001,0.0,0.0002,1.0,1.0,1.0,0.999,0.0,0.0001,0.0,0.0002,1.0,1.0,1.0,0.9992,0.0,0.0,0.0,0.0001,1.0,0.9997,1.0,0.9994,0.0,0.001,0.0,0.0001,1.0,0.9564,1.0,0.9994,0.0,0.0,0.0,0.0002,0.0,0.3207,1.0,0.9994,0.0,0.0052,0.0,0.0002,0.0,0.0861,1.0,0.9995,0.0,0.0013,0.0,0.0002,0.0,0.0498,1.0,0.9995,0.0,0.0,0.0,0.0002,0.0,0.0001,1.0,0.9995
COMTE,LSTMFCN,2611,0,2,207.2333,0.0071,0.0,6.8432,120.6517,14.5194,0.9164,1.0,0.9998,1.0,0.9099,1.0,0.9164,0.0,0.3093,1.0,1.0,1.0,0.8605,1.0,0.8552,0.0,0.1009,1.0,1.0,1.0,0.937,0.0,0.0841,0.0,0.0197,1.0,1.0,1.0,0.9801,0.0,0.0163,0.0,0.0055,1.0,1.0,1.0,0.9922,0.0,0.0237,0.0,0.0027,1.0,0.9997,1.0,0.9961,0.0,0.0116,0.0,0.0016,1.0,0.9956,1.0,0.9975,0.0,0.0133,0.0,0.0009,1.0,0.9918,1.0,0.9982,0.0,0.001,0.0,0.0005,0.0,0.0595,1.0,0.999,0.0,0.0042,0.0,0.0002,0.0,0.0299,1.0,0.9995,0.0,0.0001,0.0,0.0001,0.0,0.0002,1.0,0.9996,0.0,0.0001,0.0,0.0
COMTE,LSTMFCN,1855,0,4,425.1686,0.0,0.0,8.4128,111.7273,13.3133,0.9688,1.0,0.9998,1.0,0.9745,1.0,0.9688,0.0,0.0016,1.0,1.0,1.0,0.9805,1.0,0.9385,0.0,0.0007,1.0,1.0,1.0,0.9957,1.0,0.7963,0.0,0.0006,1.0,1.0,1.0,0.9985,0.0,0.2726,0.0,0.0005,1.0,1.0,1.0,0.999,1.0,0.8577,0.0,0.0007,1.0,1.0,1.0,0.9991,1.0,0.8012,0.0,0.001,1.0,0.9988,1.0,0.9991,1.0,0.9832,0.0,0.001,0.0,0.4212,1.0,0.9993,1.0,0.9891,0.0,0.001,1.0,0.6476,1.0,0.9993,1.0,0.9984,0.0,0.0011,0.0,0.0008,1.0,0.9993,1.0,0.9999,0.0,0.0011,0.0,0.0055,1.0,0.9992,1.0,0.9996,0.0,0.0012
COMTE,LSTMFCN,534,0,3,480.7456,0.0071,0.0,7.9914,119.1882,12.3094,0.7655,1.0,0.9991,1.0,0.9988,1.0,0.7655,0.0,0.2301,1.0,0.9998,1.0,0.9981,1.0,0.9175,0.0,0.0841,1.0,1.0,1.0,0.9976,0.0,0.0164,0.0,0.0123,1.0,1.0,1.0,0.9973,0.0,0.0021,0.0,0.0036,1.0,0.9999,1.0,0.9984,0.0,0.0001,0.0,0.0024,1.0,0.9994,1.0,0.9992,0.0,0.0,0.0,0.0013,1.0,0.9991,1.0,0.9996,0.0,0.0002,0.0,0.0006,1.0,0.9036,1.0,0.9998,0.0,0.0005,0.0,0.0006,0.0,0.1445,1.0,0.9999,0.0,0.0005,0.0,0.0005,0.0,0.0396,1.0,0.9999,0.0,0.0,0.0,0.0004,0.0,0.0046,1.0,0.9998,0.0,0.0,0.0,0.0003
COMTE,LSTMFCN,3836,1,3,472.2208,0.0,0.0,6.6549,102.848,13.3012,0.8896,1.0,0.9804,0.0,0.011,1.0,0.8896,0.0,0.0115,1.0,0.9546,0.0,0.0048,1.0,0.7657,0.0,0.0105,1.0,0.9682,0.0,0.0023,0.0,0.002,0.0,0.0043,0.0,0.4112,0.0,0.0007,0.0,0.0002,0.0,0.0011,1.0,0.8201,0.0,0.0003,0.0,0.0,0.0,0.0004,1.0,0.9564,0.0,0.0002,0.0,0.0002,0.0,0.0003,1.0,0.9984,0.0,0.0002,0.0,0.0007,0.0,0.0002,1.0,0.6296,0.0,0.0002,0.0,0.0012,0.0,0.0002,1.0,0.9957,0.0,0.0003,0.0,0.0001,0.0,0.0002,0.0,0.014,0.0,0.0004,0.0,0.0,0.0,0.0002,0.0,0.1219,0.0,0.0005,0.0,0.0,0.0,0.0002
COMTE,LSTMFCN,2048,0,2,470.457,0.0,0.1,3.8158,92.9186,10.0213,0.9917,1.0,0.9776,1.0,0.9617,1.0,0.9917,0.0,0.0023,1.0,0.9833,1.0,0.9103,1.0,0.9934,0.0,0.0016,1.0,0.9992,1.0,0.9611,1.0,0.89,0.0,0.0028,1.0,0.9998,1.0,0.9931,0.0,0.0,0.0,0.0042,1.0,0.9995,1.0,0.9959,0.0,0.0,0.0,0.0027,1.0,0.988,1.0,0.9967,0.0,0.0002,0.0,0.0014,1.0,0.9642,1.0,0.9975,0.0,0.0,0.0,0.0009,0.0,0.1997,1.0,0.9978,0.0,0.0,0.0,0.0006,0.0,0.0215,1.0,0.9981,0.0,0.0001,0.0,0.0005,0.0,0.0103,1.0,0.9984,0.0,0.0027,0.0,0.0004,0.0,0.0,1.0,0.9987,0.0,0.0041,0.0,0.0003
COMTE,LSTMFCN,42,0,4,477.0264,0.0,0.0,3.2998,87.6822,12.1673,0.9688,1.0,0.9996,1.0,0.9762,1.0,0.9688,0.0,0.0016,1.0,0.9999,1.0,0.9867,1.0,0.9263,0.0,0.0007,1.0,1.0,1.0,0.9922,0.0,0.3961,0.0,0.0006,1.0,0.9999,1.0,0.9947,1.0,0.6652,0.0,0.0005,1.0,0.9997,1.0,0.9968,1.0,0.5888,0.0,0.0007,1.0,0.9999,1.0,0.9984,1.0,0.9059,0.0,0.001,1.0,0.969,1.0,0.999,1.0,0.9799,0.0,0.001,1.0,0.986,1.0,0.9989,1.0,0.9803,0.0,0.001,0.0,0.0074,1.0,0.9981,1.0,0.9914,0.0,0.0011,0.0,0.0139,1.0,0.9969,1.0,0.9997,0.0,0.0011,0.0,0.0001,1.0,0.9957,1.0,0.9995,0.0,0.0012
COMTE,LSTMFCN,2656,1,3,492.1922,0.0,0.0,9.2997,120.6513,15.1977,0.8896,1.0,0.9499,0.0,0.0016,1.0,0.8896,0.0,0.0115,1.0,0.9339,0.0,0.0023,1.0,0.7224,0.0,0.0105,1.0,0.9858,0.0,0.0006,0.0,0.006,0.0,0.0043,1.0,0.9903,0.0,0.0001,0.0,0.0001,0.0,0.0011,1.0,0.914,0.0,0.0,0.0,0.0002,0.0,0.0004,1.0,0.9866,0.0,0.0,0.0,0.0004,0.0,0.0003,1.0,0.9639,0.0,0.0,0.0,0.0004,0.0,0.0002,1.0,0.9751,0.0,0.0001,0.0,0.0003,0.0,0.0002,1.0,0.9364,0.0,0.0001,0.0,0.0001,0.0,0.0002,1.0,0.6451,0.0,0.0001,0.0,0.0,0.0,0.0002,1.0,0.6149,0.0,0.0001,0.0,0.0,0.0,0.0002
COMTE,LSTMFCN,4393,3,1,497.3235,0.0,0.0,4.016,60.8494,7.3114,0.9878,1.0,0.6709,0.0,0.1536,1.0,0.9878,0.0,0.018,1.0,0.821,0.0,0.1034,1.0,0.8935,0.0,0.0396,1.0,0.4779,0.0,0.0707,0.0,0.291,0.0,0.1238,0.0,0.0,0.0,0.0282,0.0,0.0006,0.0,0.1835,0.0,0.0,0.0,0.0169,0.0,0.0386,0.0,0.1164,0.0,0.0,0.0,0.0086,0.0,0.0,0.0,0.0406,0.0,0.0023,0.0,0.0042,0.0,0.0005,0.0,0.011,0.0,0.0006,0.0,0.0037,0.0,0.0897,0.0,0.0037,0.0,0.0002,0.0,0.0032,0.0,0.31,0.0,0.0018,0.0,0.0,0.0,0.0026,0.0,0.024,0.0,0.0012,0.0,0.0001,0.0,0.0019,0.0,0.0106,0.0,0.001
COMTE,LSTMFCN,3027,1,3,447.3039,0.0071,0.0,6.1435,66.6098,10.1513,0.7511,1.0,0.9746,0.0,0.0281,1.0,0.7511,0.0,0.0618,1.0,0.82,0.0,0.0665,1.0,0.5295,0.0,0.0452,0.0,0.03,0.0,0.0395,0.0,0.0036,0.0,0.0204,0.0,0.0002,0.0,0.0082,0.0,0.0001,0.0,0.0079,0.0,0.0121,0.0,0.0039,0.0,0.0,0.0,0.0039,0.0,0.0014,0.0,0.0047,0.0,0.0,0.0,0.0026,0.0,0.1971,0.0,0.0041,0.0,0.0,0.0,0.0031,1.0,0.8907,0.0,0.0039,0.0,0.0001,0.0,0.002,1.0,0.9252,0.0,0.0032,0.0,0.0,0.0,0.001,0.0,0.2141,0.0,0.0025,0.0,0.0005,0.0,0.0007,0.0,0.0028,0.0,0.002,0.0,0.0,0.0,0.0005
COMTE,LSTMFCN,553,0,2,197.8336,0.0,0.0,9.0489,94.7403,13.8633,0.9632,1.0,0.9999,1.0,0.9296,1.0,0.9632,0.0,0.3489,1.0,1.0,1.0,0.9502,1.0,0.5324,0.0,0.0657,1.0,1.0,1.0,0.9879,0.0,0.2187,0.0,0.0069,1.0,1.0,1.0,0.9949,0.0,0.0167,0.0,0.0023,1.0,1.0,1.0,0.9953,0.0,0.0278,0.0,0.0007,1.0,0.9996,1.0,0.997,0.0,0.0017,0.0,0.0001,1.0,0.9901,1.0,0.9978,0.0,0.0419,0.0,0.0001,1.0,0.9163,1.0,0.9985,0.0,0.0149,0.0,0.0,0.0,0.0197,1.0,0.9991,0.0,0.0078,0.0,0.0,0.0,0.0006,1.0,0.9994,0.0,0.0101,0.0,0.0,0.0,0.0004,1.0,0.9996,0.0,0.0058,0.0,0.0
COMTE,LSTMFCN,3856,1,3,201.925,0.0071,0.0,7.2224,101.4157,13.0913,0.8896,1.0,0.9679,0.0,0.0214,1.0,0.8896,0.0,0.0115,1.0,0.9178,0.0,0.003,1.0,0.8718,0.0,0.0105,1.0,0.9422,0.0,0.0011,0.0,0.0006,0.0,0.0043,1.0,0.6935,0.0,0.0002,0.0,0.0002,0.0,0.0011,1.0,0.8427,0.0,0.0001,0.0,0.0,0.0,0.0004,1.0,0.8833,0.0,0.0001,0.0,0.0002,0.0,0.0003,1.0,0.9086,0.0,0.0001,0.0,0.0,0.0,0.0002,1.0,0.9927,0.0,0.0001,0.0,0.0018,0.0,0.0002,1.0,0.9916,0.0,0.0001,0.0,0.0003,0.0,0.0002,1.0,0.6053,0.0,0.0001,0.0,0.0,0.0,0.0002,0.0,0.4896,0.0,0.0001,0.0,0.0,0.0,0.0002
COMTE,LSTMFCN,3045,1,3,391.1327,0.0143,0.1,7.9463,106.958,13.9761,0.8896,1.0,0.9678,0.0,0.0227,1.0,0.8896,0.0,0.0115,1.0,0.9302,0.0,0.0026,1.0,0.7523,0.0,0.0105,1.0,0.9256,0.0,0.0003,0.0,0.0032,0.0,0.0043,1.0,0.9097,0.0,0.0,0.0,0.0006,0.0,0.0011,1.0,0.8225,0.0,0.0,0.0,0.0,0.0,0.0004,1.0,0.906,0.0,0.0,0.0,0.001,0.0,0.0003,1.0,0.9975,0.0,0.0001,0.0,0.0004,0.0,0.0002,1.0,0.5182,0.0,0.0002,0.0,0.0015,0.0,0.0002,1.0,0.6735,0.0,0.0003,0.0,0.0,0.0,0.0002,0.0,0.1701,0.0,0.0005,0.0,0.0,0.0,0.0002,1.0,0.7433,0.0,0.0006,0.0,0.0,0.0,0.0002
COMTE,LSTMFCN,2165,0,3,491.6811,0.0071,0.0,4.529,77.4136,9.1525,0.8896,1.0,0.9983,1.0,0.9292,1.0,0.8896,0.0,0.0115,1.0,0.9997,1.0,0.967,1.0,0.7471,0.0,0.0105,1.0,1.0,1.0,0.9938,0.0,0.0004,0.0,0.0043,1.0,1.0,1.0,0.9986,0.0,0.0004,0.0,0.0011,1.0,1.0,1.0,0.9995,0.0,0.0009,0.0,0.0004,1.0,0.9998,1.0,0.9997,0.0,0.0002,0.0,0.0003,1.0,0.9982,1.0,0.9997,0.0,0.0008,0.0,0.0002,1.0,0.9792,1.0,0.9997,0.0,0.0006,0.0,0.0002,0.0,0.2016,1.0,0.9997,0.0,0.0,0.0,0.0002,0.0,0.0054,1.0,0.9996,0.0,0.0,0.0,0.0002,0.0,0.0403,1.0,0.9995,0.0,0.0,0.0,0.0002
COMTE,LSTMFCN,3584,1,3,507.6706,0.0,0.0,6.6933,93.955,12.3765,0.8896,1.0,0.9575,1.0,0.5457,1.0,0.8896,0.0,0.0115,1.0,0.8922,0.0,0.0487,1.0,0.7577,0.0,0.0105,1.0,0.6645,0.0,0.0017,0.0,0.0008,0.0,0.0043,1.0,0.5786,0.0,0.0002,0.0,0.0001,0.0,0.0011,1.0,0.8034,0.0,0.0,0.0,0.0002,0.0,0.0004,0.0,0.4005,0.0,0.0,0.0,0.0,0.0,0.0003,1.0,0.9138,0.0,0.0,0.0,0.0,0.0,0.0002,1.0,0.7141,0.0,0.0,0.0,0.0009,0.0,0.0002,1.0,0.9056,0.0,0.0,0.0,0.0,0.0,0.0002,0.0,0.349,0.0,0.0,0.0,0.0,0.0,0.0002,0.0,0.0605,0.0,0.0001,0.0,0.0,0.0,0.0002
COMTE,LSTMFCN,2805,1,3,498.6327,0.0,0.0,9.6893,129.5431,15.7906,0.8896,1.0,0.948,0.0,0.0011,1.0,0.8896,0.0,0.0115,1.0,0.9535,0.0,0.0039,1.0,0.6043,0.0,0.0105,1.0,0.9608,0.0,0.0018,0.0,0.0036,0.0,0.0043,1.0,0.9735,0.0,0.0006,0.0,0.0001,0.0,0.0011,1.0,0.8293,0.0,0.0008,0.0,0.0002,0.0,0.0004,1.0,0.9698,0.0,0.0011,0.0,0.0004,0.0,0.0003,0.0,0.2272,0.0,0.0016,0.0,0.0006,0.0,0.0002,1.0,0.687,0.0,0.0016,0.0,0.0004,0.0,0.0002,0.0,0.4903,0.0,0.0015,0.0,0.0,0.0,0.0002,0.0,0.0045,0.0,0.0014,0.0,0.0,0.0,0.0002,0.0,0.1187,0.0,0.0013,0.0,0.0,0.0,0.0002
COMTE,LSTMFCN,886,0,2,477.0308,0.0,0.0,6.9091,123.6991,14.0751,0.9164,1.0,0.9997,1.0,0.9206,1.0,0.9164,0.0,0.3093,1.0,0.9999,1.0,0.9644,1.0,0.8456,0.0,0.1009,1.0,1.0,1.0,0.9898,0.0,0.1345,0.0,0.0197,1.0,1.0,1.0,0.9942,0.0,0.0061,0.0,0.0055,1.0,1.0,1.0,0.9934,0.0,0.0027,0.0,0.0027,1.0,0.9997,1.0,0.9936,0.0,0.0005,0.0,0.0016,1.0,0.9994,1.0,0.9943,0.0,0.0026,0.0,0.0009,1.0,0.7528,1.0,0.9955,0.0,0.004,0.0,0.0005,1.0,0.9281,1.0,0.9975,0.0,0.0003,0.0,0.0002,0.0,0.1138,1.0,0.9986,0.0,0.0098,0.0,0.0001,0.0,0.0013,1.0,0.9992,0.0,0.0005,0.0,0.0
COMTE,LSTMFCN,3257,1,3,484.4507,0.0,0.0,7.5664,112.9397,13.5521,0.8896,1.0,0.9549,0.0,0.0097,1.0,0.8896,0.0,0.0115,1.0,0.9208,0.0,0.0152,1.0,0.6122,0.0,0.0105,1.0,0.965,0.0,0.0092,0.0,0.0039,0.0,0.0043,1.0,0.9347,0.0,0.0023,0.0,0.0001,0.0,0.0011,1.0,0.9896,0.0,0.0015,0.0,0.0001,0.0,0.0004,1.0,0.7109,0.0,0.001,0.0,0.0001,0.0,0.0003,1.0,0.975,0.0,0.0008,0.0,0.0049,0.0,0.0002,1.0,0.6353,0.0,0.0009,0.0,0.0002,0.0,0.0002,1.0,0.6302,0.0,0.0011,0.0,0.0,0.0,0.0002,0.0,0.4944,0.0,0.0011,0.0,0.0,0.0,0.0002,0.0,0.3118,0.0,0.0011,0.0,0.0,0.0,0.0002
COMTE,LSTMFCN,2203,0,3,494.603,0.0071,0.0,4.0801,70.1214,7.2709,0.8896,1.0,0.9985,1.0,0.8309,1.0,0.8896,0.0,0.0115,1.0,0.9996,1.0,0.9049,1.0,0.6562,0.0,0.0105,1.0,0.9999,1.0,0.958,0.0,0.0026,0.0,0.0043,1.0,1.0,1.0,0.9626,0.0,0.0001,0.0,0.0011,1.0,1.0,1.0,0.9697,0.0,0.0,0.0,0.0004,1.0,0.9999,1.0,0.9818,0.0,0.0001,0.0,0.0003,1.0,0.994,1.0,0.9894,0.0,0.0001,0.0,0.0002,1.0,0.8627,1.0,0.9945,0.0,0.0002,0.0,0.0002,1.0,0.5577,1.0,0.9975,0.0,0.0004,0.0,0.0002,1.0,0.9174,1.0,0.9988,0.0,0.0,0.0,0.0002,0.0,0.0024,1.0,0.9994,0.0,0.0,0.0,0.0002
COMTE,LSTMFCN,569,0,4,488.9059,0.0,0.0,9.1696,110.5905,13.6454,0.9688,1.0,0.9997,1.0,0.9758,1.0,0.9688,0.0,0.0016,1.0,0.9998,1.0,0.9706,1.0,0.9648,0.0,0.0007,1.0,1.0,1.0,0.9908,1.0,0.5536,0.0,0.0006,1.0,1.0,1.0,0.9969,0.0,0.4287,0.0,0.0005,1.0,1.0,1.0,0.9984,1.0,0.7081,0.0,0.0007,1.0,0.9995,1.0,0.9985,1.0,0.8956,0.0,0.001,1.0,0.9077,1.0,0.9983,1.0,0.9968,0.0,0.001,1.0,0.9431,1.0,0.9985,1.0,0.991,0.0,0.001,0.0,0.1838,1.0,0.9986,1.0,0.9999,0.0,0.0011,0.0,0.0096,1.0,0.9985,1.0,0.9988,0.0,0.0011,0.0,0.0002,1.0,0.9986,1.0,0.9981,0.0,0.0012
COMTE,LSTMFCN,1176,0,3,482.8374,0.0,0.0,5.36,91.3246,10.5471,0.8896,1.0,0.9994,1.0,0.9665,1.0,0.8896,0.0,0.0115,1.0,0.9996,1.0,0.9895,1.0,0.4904,0.0,0.0105,1.0,1.0,1.0,0.9957,0.0,0.002,0.0,0.0043,1.0,1.0,1.0,0.9992,0.0,0.0003,0.0,0.0011,1.0,1.0,1.0,0.9997,0.0,0.0001,0.0,0.0004,1.0,0.9986,1.0,0.9998,0.0,0.0003,0.0,0.0003,1.0,0.9992,1.0,0.9999,0.0,0.0019,0.0,0.0002,0.0,0.3229,1.0,0.9998,0.0,0.0005,0.0,0.0002,0.0,0.0872,1.0,0.9998,0.0,0.0,0.0,0.0002,0.0,0.0103,1.0,0.9998,0.0,0.0,0.0,0.0002,0.0,0.0567,1.0,0.9998,0.0,0.0,0.0,0.0002
COMTE,LSTMFCN,1974,0,4,333.6003,0.0,0.0,3.8481,86.3742,11.8325,0.9688,1.0,0.9974,1.0,0.9736,1.0,0.9688,0.0,0.0016,1.0,0.9993,1.0,0.9743,1.0,0.9614,0.0,0.0007,1.0,0.9999,1.0,0.9922,0.0,0.2903,0.0,0.0006,1.0,1.0,1.0,0.9964,0.0,0.3312,0.0,0.0005,1.0,0.9996,1.0,0.9977,1.0,0.7898,0.0,0.0007,1.0,0.9958,1.0,0.9982,1.0,0.8265,0.0,0.001,1.0,0.8288,1.0,0.9985,1.0,0.9844,0.0,0.001,0.0,0.1914,1.0,0.9988,1.0,0.9935,0.0,0.001,0.0,0.0162,1.0,0.999,1.0,0.9991,0.0,0.0011,0.0,0.0044,1.0,0.9991,1.0,0.9997,0.0,0.0011,0.0,0.0,1.0,0.9991,1.0,1.0,0.0,0.0012
COMTE,LSTMFCN,3071,1,3,326.4508,0.0,0.0,8.5651,124.5719,15.568,0.8896,1.0,0.9693,0.0,0.0011,1.0,0.8896,0.0,0.0115,1.0,0.9517,0.0,0.0013,1.0,0.6204,0.0,0.0105,1.0,0.9902,0.0,0.0003,0.0,0.0014,0.0,0.0043,1.0,0.9896,0.0,0.0001,0.0,0.0,0.0,0.0011,1.0,0.9931,0.0,0.0,0.0,0.0001,0.0,0.0004,1.0,0.5904,0.0,0.0,0.0,0.0002,0.0,0.0003,1.0,0.8151,0.0,0.0,0.0,0.0064,0.0,0.0002,1.0,0.6407,0.0,0.0,0.0,0.0005,0.0,0.0002,1.0,0.6036,0.0,0.0001,0.0,0.0,0.0,0.0002,0.0,0.3486,0.0,0.0001,0.0,0.0,0.0,0.0002,0.0,0.0411,0.0,0.0001,0.0,0.0,0.0,0.0002
COMTE,LSTMFCN,93,0,4,482.6971,0.0143,0.0,7.044,97.6997,14.382,0.9688,1.0,0.9996,1.0,0.9644,1.0,0.9688,0.0,0.0016,1.0,0.9999,1.0,0.9735,1.0,0.8939,0.0,0.0007,1.0,1.0,1.0,0.9953,0.0,0.2733,0.0,0.0006,1.0,1.0,1.0,0.9988,1.0,0.62,0.0,0.0005,1.0,1.0,1.0,0.9997,1.0,0.6738,0.0,0.0007,1.0,0.996,1.0,0.9998,1.0,0.9392,0.0,0.001,1.0,0.994,1.0,0.9998,1.0,0.9899,0.0,0.001,1.0,0.5804,1.0,0.9998,1.0,0.9425,0.0,0.001,1.0,0.5379,1.0,0.9997,1.0,0.9992,0.0,0.0011,0.0,0.0974,1.0,0.9995,1.0,0.9992,0.0,0.0011,0.0,0.0102,1.0,0.9994,1.0,0.968,0.0,0.0012
COMTE,LSTMFCN,1241,0,2,498.8998,0.0071,0.0,9.9548,117.6819,14.4368,0.9164,1.0,0.9999,1.0,0.9627,1.0,0.9164,0.0,0.3093,1.0,1.0,1.0,0.9696,1.0,0.7336,0.0,0.1009,1.0,1.0,1.0,0.9834,0.0,0.1894,0.0,0.0197,1.0,1.0,1.0,0.9888,0.0,0.0159,0.0,0.0055,1.0,1.0,1.0,0.9923,0.0,0.032,0.0,0.0027,1.0,0.9998,1.0,0.9934,0.0,0.0105,0.0,0.0016,1.0,0.9852,1.0,0.9937,0.0,0.0082,0.0,0.0009,1.0,0.5446,1.0,0.994,0.0,0.0004,0.0,0.0005,0.0,0.3773,1.0,0.996,0.0,0.0056,0.0,0.0002,0.0,0.0412,1.0,0.9977,0.0,0.0003,0.0,0.0001,0.0,0.008,1.0,0.9984,0.0,0.0005,0.0,0.0
COMTE,LSTMFCN,300,0,3,500.0198,0.0,0.0,5.4293,92.1181,10.5013,0.8896,1.0,0.9995,1.0,0.9425,1.0,0.8896,0.0,0.0115,1.0,0.9999,1.0,0.9832,1.0,0.7287,0.0,0.0105,1.0,1.0,1.0,0.9927,0.0,0.0013,0.0,0.0043,1.0,1.0,1.0,0.994,0.0,0.0002,0.0,0.0011,1.0,1.0,1.0,0.996,0.0,0.0,0.0,0.0004,1.0,1.0,1.0,0.9971,0.0,0.0003,0.0,0.0003,1.0,0.9965,1.0,0.9978,0.0,0.0002,0.0,0.0002,0.0,0.0641,1.0,0.9987,0.0,0.0008,0.0,0.0002,1.0,0.9286,1.0,0.9992,0.0,0.0003,0.0,0.0002,0.0,0.3961,1.0,0.9994,0.0,0.0,0.0,0.0002,0.0,0.3525,1.0,0.9995,0.0,0.0,0.0,0.0002
COMTE,LSTMFCN,97,0,4,495.1281,0.0,0.0,5.6968,87.1468,12.8628,0.9688,1.0,0.9997,1.0,0.9624,1.0,0.9688,0.0,0.0016,1.0,1.0,1.0,0.9842,1.0,0.9256,0.0,0.0007,1.0,1.0,1.0,0.9871,1.0,0.6644,0.0,0.0006,1.0,1.0,1.0,0.9834,0.0,0.4686,0.0,0.0005,1.0,1.0,1.0,0.9847,1.0,0.5129,0.0,0.0007,1.0,0.9998,1.0,0.9871,1.0,0.936,0.0,0.001,1.0,0.9968,1.0,0.9911,1.0,0.9903,0.0,0.001,1.0,0.6975,1.0,0.9943,1.0,0.973,0.0,0.001,1.0,0.9862,1.0,0.9963,1.0,0.9965,0.0,0.0011,0.0,0.0404,1.0,0.9974,1.0,0.9979,0.0,0.0011,0.0,0.0067,1.0,0.998,1.0,1.0,0.0,0.0012
COMTE,LSTMFCN,2079,0,2,495.7792,0.0,0.0,4.9641,117.9861,14.1752,0.9164,1.0,0.9999,1.0,0.9655,1.0,0.9164,0.0,0.3093,1.0,1.0,1.0,0.9695,1.0,0.8406,0.0,0.1009,1.0,1.0,1.0,0.983,0.0,0.4045,0.0,0.0197,1.0,1.0,1.0,0.9895,0.0,0.0049,0.0,0.0055,1.0,1.0,1.0,0.9903,0.0,0.0169,0.0,0.0027,1.0,0.9999,1.0,0.9908,0.0,0.0144,0.0,0.0016,1.0,0.9622,1.0,0.9904,0.0,0.0172,0.0,0.0009,1.0,0.9667,1.0,0.9914,0.0,0.0016,0.0,0.0005,0.0,0.2072,1.0,0.9935,0.0,0.0016,0.0,0.0002,0.0,0.0053,1.0,0.9954,0.0,0.0012,0.0,0.0001,0.0,0.0014,1.0,0.9967,0.0,0.001,0.0,0.0
COMTE,LSTMFCN,3955,1,3,508.2148,0.0071,0.0,8.5604,109.5701,14.3124,0.8896,1.0,0.9486,0.0,0.0056,1.0,0.8896,0.0,0.0115,1.0,0.8849,0.0,0.0006,0.0,0.3012,0.0,0.0105,1.0,0.9656,0.0,0.0002,0.0,0.0019,0.0,0.0043,1.0,0.8844,0.0,0.0,0.0,0.0004,0.0,0.0011,1.0,0.7048,0.0,0.0,0.0,0.0007,0.0,0.0004,1.0,0.8158,0.0,0.0,0.0,0.0,0.0,0.0003,1.0,0.8897,0.0,0.0,0.0,0.0002,0.0,0.0002,1.0,0.7606,0.0,0.0,0.0,0.0002,0.0,0.0002,1.0,0.5365,0.0,0.0001,0.0,0.0003,0.0,0.0002,0.0,0.2321,0.0,0.0001,0.0,0.0,0.0,0.0002,0.0,0.1104,0.0,0.0001,0.0,0.0,0.0,0.0002
COMTE,LSTMFCN,917,0,4,499.0602,0.0071,0.0,4.7053,94.485,11.7503,0.9688,1.0,0.9979,1.0,0.9531,1.0,0.9688,0.0,0.0016,1.0,0.9994,1.0,0.9374,1.0,0.939,0.0,0.0007,1.0,1.0,1.0,0.9885,1.0,0.7449,0.0,0.0006,1.0,1.0,1.0,0.9979,0.0,0.4168,0.0,0.0005,1.0,0.9999,1.0,0.9992,0.0,0.411,0.0,0.0007,1.0,0.9989,1.0,0.9993,1.0,0.9379,0.0,0.001,1.0,0.9652,1.0,0.9993,1.0,0.9904,0.0,0.001,0.0,0.3551,1.0,0.9992,1.0,0.9426,0.0,0.001,0.0,0.0183,1.0,0.999,1.0,0.9904,0.0,0.0011,1.0,0.6014,1.0,0.9991,1.0,0.9998,0.0,0.0011,0.0,0.0,1.0,0.9992,1.0,0.9999,0.0,0.0012
COMTE,LSTMFCN,2445,0,4,500.7363,0.0,0.0,5.5004,86.1835,11.7994,0.9688,1.0,0.9997,1.0,0.8024,1.0,0.9688,0.0,0.0016,1.0,0.9999,1.0,0.9021,1.0,0.9241,0.0,0.0007,1.0,1.0,1.0,0.9645,1.0,0.7013,0.0,0.0006,1.0,1.0,1.0,0.9136,1.0,0.5086,0.0,0.0005,1.0,1.0,1.0,0.8974,1.0,0.8754,0.0,0.0007,1.0,0.9999,1.0,0.9229,1.0,0.8198,0.0,0.001,1.0,0.9993,1.0,0.9538,1.0,0.9922,0.0,0.001,1.0,0.8985,1.0,0.9794,1.0,0.9833,0.0,0.001,0.0,0.0315,1.0,0.991,1.0,0.999,0.0,0.0011,0.0,0.3732,1.0,0.9944,1.0,0.9999,0.0,0.0011,0.0,0.0001,1.0,0.9958,1.0,0.9988,0.0,0.0012
COMTE,LSTMFCN,3224,1,3,510.6867,0.0,0.0,9.6304,123.4254,15.336,0.8896,1.0,0.8196,0.0,0.0002,1.0,0.8896,0.0,0.0115,1.0,0.7684,0.0,0.0003,1.0,0.5783,0.0,0.0105,1.0,0.9185,0.0,0.0005,0.0,0.0001,0.0,0.0043,0.0,0.4159,0.0,0.0002,0.0,0.0,0.0,0.0011,1.0,0.96,0.0,0.0002,0.0,0.0,0.0,0.0004,1.0,0.9875,0.0,0.0002,0.0,0.0001,0.0,0.0003,1.0,0.9074,0.0,0.0003,0.0,0.0001,0.0,0.0002,1.0,0.8977,0.0,0.0003,0.0,0.0003,0.0,0.0002,1.0,0.9956,0.0,0.0003,0.0,0.0001,0.0,0.0002,1.0,0.9882,0.0,0.0003,0.0,0.0,0.0,0.0002,1.0,0.8381,0.0,0.0002,0.0,0.0,0.0,0.0002
COMTE,LSTMFCN,249,0,2,498.9475,0.0,0.0,4.6372,118.7265,14.4515,0.9164,1.0,0.9999,1.0,0.9713,1.0,0.9164,0.0,0.3093,1.0,0.9999,1.0,0.9711,1.0,0.8186,0.0,0.1009,1.0,1.0,1.0,0.978,0.0,0.1351,0.0,0.0197,1.0,1.0,1.0,0.9893,0.0,0.1423,0.0,0.0055,1.0,1.0,1.0,0.9931,0.0,0.0232,0.0,0.0027,1.0,0.9999,1.0,0.9951,0.0,0.0069,0.0,0.0016,1.0,0.9877,1.0,0.9958,0.0,0.0096,0.0,0.0009,1.0,0.9748,1.0,0.9961,0.0,0.0043,0.0,0.0005,0.0,0.4366,1.0,0.9969,0.0,0.0029,0.0,0.0002,0.0,0.1898,1.0,0.9976,0.0,0.0022,0.0,0.0001,0.0,0.0019,1.0,0.9983,0.0,0.0015,0.0,0.0
COMTE,LSTMFCN,2206,0,4,498.2761,0.0,0.0,4.0659,89.8959,12.6788,0.9688,1.0,0.9997,1.0,0.9601,1.0,0.9688,0.0,0.0016,1.0,0.9999,1.0,0.9828,1.0,0.9068,0.0,0.0007,1.0,1.0,1.0,0.9973,1.0,0.5419,0.0,0.0006,1.0,1.0,1.0,0.999,0.0,0.205,0.0,0.0005,1.0,0.9999,1.0,0.9992,0.0,0.4457,0.0,0.0007,1.0,0.9841,1.0,0.9991,1.0,0.8924,0.0,0.001,1.0,0.9929,1.0,0.9991,1.0,0.9795,0.0,0.001,0.0,0.1307,1.0,0.9992,1.0,0.9863,0.0,0.001,0.0,0.3488,1.0,0.9993,1.0,0.9936,0.0,0.0011,0.0,0.0017,1.0,0.9992,1.0,0.9997,0.0,0.0011,0.0,0.0028,1.0,0.9989,1.0,0.9909,0.0,0.0012
COMTE,LSTMFCN,1065,0,4,509.5109,0.0,0.0,5.353,137.8926,14.0895,0.9688,1.0,0.9995,1.0,0.9915,1.0,0.9688,0.0,0.0016,1.0,0.9999,1.0,0.9762,1.0,0.9413,0.0,0.0007,1.0,1.0,1.0,0.9672,1.0,0.8897,0.0,0.0006,1.0,1.0,1.0,0.9811,1.0,0.5891,0.0,0.0005,1.0,0.9998,1.0,0.992,1.0,0.4992,0.0,0.0007,1.0,0.9842,1.0,0.9967,1.0,0.9399,0.0,0.001,1.0,0.9969,1.0,0.9984,1.0,0.9893,0.0,0.001,0.0,0.0304,1.0,0.9992,1.0,0.9909,0.0,0.001,0.0,0.2575,1.0,0.9995,1.0,0.9998,0.0,0.0011,0.0,0.015,1.0,0.9996,1.0,0.9871,0.0,0.0011,0.0,0.0,1.0,0.9997,1.0,0.9999,0.0,0.0012
COMTE,LSTMFCN,29,0,2,503.9358,0.0,0.0,4.7536,123.093,14.4436,0.9164,1.0,0.9999,1.0,0.9667,1.0,0.9164,0.0,0.3093,1.0,1.0,1.0,0.9685,1.0,0.851,0.0,0.1009,1.0,1.0,1.0,0.9808,0.0,0.1792,0.0,0.0197,1.0,1.0,1.0,0.9916,0.0,0.0143,0.0,0.0055,1.0,1.0,1.0,0.9949,0.0,0.0341,0.0,0.0027,1.0,0.9991,1.0,0.9961,0.0,0.0023,0.0,0.0016,1.0,0.9999,1.0,0.996,0.0,0.0358,0.0,0.0009,1.0,0.9422,1.0,0.9962,0.0,0.002,0.0,0.0005,0.0,0.0236,1.0,0.9974,0.0,0.0015,0.0,0.0002,0.0,0.0046,1.0,0.9984,0.0,0.0019,0.0,0.0001,0.0,0.0203,1.0,0.9991,0.0,0.0004,0.0,0.0
COMTE,LSTMFCN,4179,1,3,402.7042,0.0,0.0,9.7117,81.0128,12.8495,0.89,1.0,0.9949,0.0,0.0159,1.0,0.89,0.0,0.2461,1.0,0.9296,0.0,0.0343,1.0,0.9044,0.0,0.0748,1.0,0.8526,0.0,0.0833,0.0,0.1753,0.0,0.0073,0.0,0.0198,0.0,0.0633,0.0,0.0005,0.0,0.002,0.0,0.2827,0.0,0.029,0.0,0.0003,0.0,0.0018,1.0,0.7283,0.0,0.0093,0.0,0.0001,0.0,0.0017,0.0,0.275,0.0,0.0029,0.0,0.0,0.0,0.0011,1.0,0.7288,0.0,0.0017,0.0,0.0005,0.0,0.0009,0.0,0.1962,0.0,0.0017,0.0,0.0,0.0,0.0012,1.0,0.9505,0.0,0.0019,0.0,0.0002,0.0,0.0012,0.0,0.0138,0.0,0.002,0.0,0.0,0.0,0.001
COMTE,LSTMFCN,3355,1,0,460.5753,0.0,0.0,10.0048,123.7158,15.1923,0.9998,1.0,0.6093,0.0,0.0003,1.0,0.9998,1.0,0.9927,0.0,0.2951,0.0,0.0,1.0,1.0,1.0,0.9828,0.0,0.0051,0.0,0.0,1.0,1.0,1.0,0.8437,0.0,0.0121,0.0,0.0,1.0,0.9999,1.0,0.6169,0.0,0.0004,0.0,0.0,1.0,1.0,1.0,0.6149,0.0,0.0135,0.0,0.0,1.0,0.9999,1.0,0.8191,0.0,0.0197,0.0,0.0,1.0,0.9982,1.0,0.9336,0.0,0.0749,0.0,0.0,1.0,0.978,1.0,0.9726,0.0,0.002,0.0,0.0,1.0,0.697,1.0,0.9878,0.0,0.0047,0.0,0.0,0.0,0.2721,1.0,0.995,0.0,0.0075,0.0,0.0,0.0,0.0004,1.0,0.9981
COMTE,LSTMFCN,3231,1,3,501.1861,0.0071,0.0,8.3874,123.7566,14.5711,0.8896,1.0,0.9644,0.0,0.0302,1.0,0.8896,0.0,0.0115,1.0,0.9025,0.0,0.0384,1.0,0.5004,0.0,0.0105,1.0,0.8878,0.0,0.0096,0.0,0.0004,0.0,0.0043,1.0,0.9602,0.0,0.0025,0.0,0.0,0.0,0.0011,1.0,0.9522,0.0,0.0017,0.0,0.0001,0.0,0.0004,1.0,0.9783,0.0,0.0018,0.0,0.0013,0.0,0.0003,1.0,0.9938,0.0,0.0018,0.0,0.0016,0.0,0.0002,1.0,0.8332,0.0,0.0025,0.0,0.0004,0.0,0.0002,1.0,0.6267,0.0,0.0036,0.0,0.0,0.0,0.0002,0.0,0.2503,0.0,0.0052,0.0,0.0,0.0,0.0002,0.0,0.1401,0.0,0.0066,0.0,0.0,0.0,0.0002
COMTE,LSTMFCN,401,0,3,463.5554,0.0,0.0,5.0671,70.9795,8.1574,0.8896,1.0,0.9708,1.0,0.9449,1.0,0.8896,0.0,0.0115,1.0,0.9967,1.0,0.8921,1.0,0.6565,0.0,0.0105,1.0,0.9998,1.0,0.9474,0.0,0.0173,0.0,0.0043,1.0,0.9998,1.0,0.9931,0.0,0.0001,0.0,0.0011,1.0,0.9995,1.0,0.9984,0.0,0.0,0.0,0.0004,1.0,0.9907,1.0,0.999,0.0,0.0001,0.0,0.0003,1.0,0.7573,1.0,0.999,0.0,0.0001,0.0,0.0002,0.0,0.2171,1.0,0.9989,0.0,0.0011,0.0,0.0002,0.0,0.0186,1.0,0.999,0.0,0.0001,0.0,0.0002,0.0,0.0035,1.0,0.9992,0.0,0.0,0.0,0.0002,0.0,0.0,1.0,0.9993,0.0,0.0,0.0,0.0002
COMTE,LSTMFCN,1283,0,4,295.7323,0.0,0.0,8.7735,127.4196,15.0954,0.9688,1.0,0.9998,1.0,0.9954,1.0,0.9688,0.0,0.0016,1.0,0.9999,1.0,0.9942,1.0,0.8934,0.0,0.0007,1.0,1.0,1.0,0.9983,1.0,0.7648,0.0,0.0006,1.0,1.0,1.0,0.9995,0.0,0.0975,0.0,0.0005,1.0,1.0,1.0,0.9998,1.0,0.5384,0.0,0.0007,1.0,0.9997,1.0,0.9998,1.0,0.7666,0.0,0.001,1.0,0.9984,1.0,0.9998,1.0,0.6317,0.0,0.001,0.0,0.4111,1.0,0.9998,1.0,0.998,0.0,0.001,0.0,0.2822,1.0,0.9998,1.0,0.9484,0.0,0.0011,0.0,0.0034,1.0,0.9998,1.0,0.9977,0.0,0.0011,0.0,0.0234,1.0,0.9998,1.0,0.999,0.0,0.0012
COMTE,LSTMFCN,208,0,3,213.8215,0.0,0.0,3.0942,71.4076,7.4978,0.8896,1.0,0.998,1.0,0.9312,1.0,0.8896,0.0,0.0115,1.0,0.9986,1.0,0.9806,1.0,0.6776,0.0,0.0105,1.0,1.0,1.0,0.9873,0.0,0.0027,0.0,0.0043,1.0,1.0,1.0,0.9851,0.0,0.0001,0.0,0.0011,1.0,1.0,1.0,0.9906,0.0,0.0,0.0,0.0004,1.0,0.9983,1.0,0.9959,0.0,0.0,0.0,0.0003,1.0,0.9998,1.0,0.9978,0.0,0.0007,0.0,0.0002,0.0,0.4452,1.0,0.9987,0.0,0.0008,0.0,0.0002,0.0,0.424,1.0,0.9992,0.0,0.0,0.0,0.0002,0.0,0.014,1.0,0.9994,0.0,0.0,0.0,0.0002,0.0,0.0004,1.0,0.9994,0.0,0.0,0.0,0.0002
COMTE,LSTMFCN,4181,1,3,204.6974,0.0,0.0,8.893,85.1728,13.22,0.7511,1.0,0.9963,0.0,0.0144,1.0,0.7511,0.0,0.0618,1.0,0.9452,0.0,0.0261,0.0,0.2105,0.0,0.0452,1.0,0.4578,0.0,0.0489,0.0,0.0008,0.0,0.0204,0.0,0.0409,0.0,0.0359,0.0,0.0001,0.0,0.0079,0.0,0.0333,0.0,0.0126,0.0,0.0001,0.0,0.0039,1.0,0.679,0.0,0.0028,0.0,0.0,0.0,0.0026,1.0,0.7277,0.0,0.0012,0.0,0.0012,0.0,0.0031,1.0,0.9539,0.0,0.0008,0.0,0.0006,0.0,0.002,1.0,0.8137,0.0,0.0009,0.0,0.001,0.0,0.001,0.0,0.0532,0.0,0.0012,0.0,0.0004,0.0,0.0007,0.0,0.0002,0.0,0.0015,0.0,0.0,0.0,0.0005
COMTE,LSTMFCN,310,0,4,203.9793,0.0143,0.0,5.1301,88.2375,11.8322,0.9688,1.0,0.9997,1.0,0.9448,1.0,0.9688,0.0,0.0016,1.0,0.9999,1.0,0.973,1.0,0.9265,0.0,0.0007,1.0,1.0,1.0,0.9929,1.0,0.7309,0.0,0.0006,1.0,1.0,1.0,0.9966,0.0,0.3849,0.0,0.0005,1.0,1.0,1.0,0.9959,1.0,0.6141,0.0,0.0007,1.0,0.9996,1.0,0.9955,1.0,0.9331,0.0,0.001,1.0,0.933,1.0,0.9972,1.0,0.9866,0.0,0.001,1.0,0.6584,1.0,0.9988,1.0,0.9956,0.0,0.001,0.0,0.1856,1.0,0.9993,1.0,0.9776,0.0,0.0011,0.0,0.023,1.0,0.9995,1.0,0.9996,0.0,0.0011,0.0,0.0001,1.0,0.9995,1.0,0.9969,0.0,0.0012
COMTE,LSTMFCN,2704,1,3,199.4662,0.0,0.0,8.1946,129.2983,15.3875,0.8896,1.0,0.9708,0.0,0.0039,1.0,0.8896,0.0,0.0115,1.0,0.9623,0.0,0.0112,0.0,0.3534,0.0,0.0105,1.0,0.9953,0.0,0.0067,0.0,0.0273,0.0,0.0043,1.0,0.9845,0.0,0.0022,0.0,0.0001,0.0,0.0011,1.0,0.9128,0.0,0.002,0.0,0.0,0.0,0.0004,1.0,0.8791,0.0,0.0026,0.0,0.0001,0.0,0.0003,1.0,0.8609,0.0,0.005,0.0,0.0,0.0,0.0002,1.0,0.5269,0.0,0.0078,0.0,0.0024,0.0,0.0002,0.0,0.0906,0.0,0.009,0.0,0.0,0.0,0.0002,0.0,0.1898,0.0,0.0086,0.0,0.0001,0.0,0.0002,0.0,0.3628,0.0,0.0082,0.0,0.0,0.0,0.0002
COMTE,LSTMFCN,2631,1,3,201.7989,0.0,0.1,9.4829,121.5408,14.9248,0.8896,1.0,0.8419,0.0,0.0008,1.0,0.8896,0.0,0.0115,1.0,0.855,0.0,0.0013,1.0,0.6617,0.0,0.0105,1.0,0.9727,0.0,0.004,0.0,0.014,0.0,0.0043,1.0,0.8836,0.0,0.0046,0.0,0.0001,0.0,0.0011,1.0,0.8225,0.0,0.0046,0.0,0.0001,0.0,0.0004,1.0,0.9623,0.0,0.0038,0.0,0.0004,0.0,0.0003,1.0,0.8526,0.0,0.004,0.0,0.0004,0.0,0.0002,1.0,0.9859,0.0,0.0036,0.0,0.001,0.0,0.0002,1.0,0.9925,0.0,0.0026,0.0,0.0003,0.0,0.0002,0.0,0.2717,0.0,0.0023,0.0,0.0,0.0,0.0002,0.0,0.0863,0.0,0.0021,0.0,0.0,0.0,0.0002
COMTE,LSTMFCN,916,0,4,203.5506,0.0143,0.0,8.3232,107.5662,13.8106,0.9688,1.0,0.9988,1.0,0.9762,1.0,0.9688,0.0,0.0016,1.0,0.9992,1.0,0.9724,1.0,0.9274,0.0,0.0007,1.0,0.9999,1.0,0.9933,1.0,0.6123,0.0,0.0006,1.0,1.0,1.0,0.9973,0.0,0.4574,0.0,0.0005,1.0,0.9994,1.0,0.9974,0.0,0.2945,0.0,0.0007,1.0,0.9992,1.0,0.9967,1.0,0.9603,0.0,0.001,1.0,0.989,1.0,0.996,1.0,0.9367,0.0,0.001,1.0,0.9591,1.0,0.9946,1.0,0.9903,0.0,0.001,0.0,0.0205,1.0,0.9937,1.0,0.9937,0.0,0.0011,0.0,0.0328,1.0,0.9937,1.0,0.9995,0.0,0.0011,0.0,0.0,1.0,0.9943,1.0,0.9998,0.0,0.0012
COMTE,LSTMFCN,220,0,4,202.6274,0.0,0.0,4.6166,81.9848,11.4198,0.9688,1.0,0.9991,1.0,0.9411,1.0,0.9688,0.0,0.0016,1.0,0.9998,1.0,0.9752,1.0,0.9394,0.0,0.0007,1.0,0.9999,1.0,0.9625,0.0,0.4182,0.0,0.0006,1.0,1.0,1.0,0.9226,0.0,0.2943,0.0,0.0005,1.0,1.0,1.0,0.951,0.0,0.403,0.0,0.0007,1.0,0.9999,1.0,0.9828,1.0,0.7446,0.0,0.001,1.0,0.9624,1.0,0.9931,1.0,0.9906,0.0,0.001,1.0,0.9204,1.0,0.997,1.0,0.9987,0.0,0.001,0.0,0.0036,1.0,0.9987,1.0,0.9993,0.0,0.0011,0.0,0.0001,1.0,0.9992,1.0,0.9872,0.0,0.0011,0.0,0.0297,1.0,0.9994,1.0,0.9995,0.0,0.0012
COMTE,LSTMFCN,3294,1,3,201.8091,0.0,0.1,7.3746,103.6787,13.7021,0.8896,1.0,0.9661,0.0,0.0727,1.0,0.8896,0.0,0.0115,1.0,0.9034,0.0,0.0079,1.0,0.8017,0.0,0.0105,1.0,0.838,0.0,0.0007,0.0,0.0072,0.0,0.0043,1.0,0.8478,0.0,0.0001,0.0,0.0001,0.0,0.0011,1.0,0.8581,0.0,0.0001,0.0,0.0001,0.0,0.0004,1.0,0.8932,0.0,0.0001,0.0,0.0,0.0,0.0003,1.0,0.9864,0.0,0.0001,0.0,0.0002,0.0,0.0002,1.0,0.5267,0.0,0.0001,0.0,0.0008,0.0,0.0002,0.0,0.0602,0.0,0.0003,0.0,0.0002,0.0,0.0002,0.0,0.0379,0.0,0.0005,0.0,0.0,0.0,0.0002,0.0,0.0553,0.0,0.0006,0.0,0.0,0.0,0.0002
COMTE,LSTMFCN,1860,0,4,220.3462,0.0,0.0,5.0974,123.4261,13.7268,0.9688,1.0,0.9999,1.0,0.9962,1.0,0.9688,0.0,0.0016,1.0,1.0,1.0,0.9946,1.0,0.9136,0.0,0.0007,1.0,1.0,1.0,0.9966,1.0,0.7039,0.0,0.0006,1.0,1.0,1.0,0.9985,0.0,0.3886,0.0,0.0005,1.0,1.0,1.0,0.9988,0.0,0.4238,0.0,0.0007,1.0,0.9999,1.0,0.999,1.0,0.9743,0.0,0.001,1.0,0.9904,1.0,0.9991,1.0,0.9853,0.0,0.001,1.0,0.9869,1.0,0.9991,1.0,0.9988,0.0,0.001,0.0,0.062,1.0,0.9992,1.0,0.9962,0.0,0.0011,0.0,0.0111,1.0,0.9993,1.0,0.9954,0.0,0.0011,0.0,0.0429,1.0,0.9994,1.0,0.9999,0.0,0.0012
COMTE,LSTMFCN,4266,1,3,230.9084,0.0,0.0,6.9674,78.7349,12.2481,0.7511,1.0,0.9958,0.0,0.0232,1.0,0.7511,0.0,0.0618,1.0,0.9536,0.0,0.0228,0.0,0.2226,0.0,0.0452,0.0,0.064,0.0,0.0472,0.0,0.0337,0.0,0.0204,0.0,0.334,0.0,0.0282,0.0,0.0003,0.0,0.0079,0.0,0.0145,0.0,0.0076,0.0,0.0,0.0,0.0039,1.0,0.8205,0.0,0.0014,0.0,0.0,0.0,0.0026,0.0,0.3195,0.0,0.0006,0.0,0.002,0.0,0.0031,1.0,0.6018,0.0,0.0005,0.0,0.0,0.0,0.002,1.0,0.8546,0.0,0.0003,0.0,0.0001,0.0,0.001,0.0,0.0109,0.0,0.0002,0.0,0.0002,0.0,0.0007,0.0,0.0956,0.0,0.0002,0.0,0.0,0.0,0.0005
COMTE,LSTMFCN,4326,1,3,224.1317,0.0,0.0,9.4606,127.4355,17.0634,0.8896,1.0,0.9944,0.0,0.0018,1.0,0.8896,0.0,0.0115,1.0,0.9781,0.0,0.0002,1.0,0.7716,0.0,0.0105,1.0,0.9926,0.0,0.0,0.0,0.0159,0.0,0.0043,1.0,0.9821,0.0,0.0,0.0,0.0004,0.0,0.0011,1.0,0.885,0.0,0.0,0.0,0.0001,0.0,0.0004,1.0,0.8773,0.0,0.0,0.0,0.0008,0.0,0.0003,1.0,0.9538,0.0,0.0,0.0,0.0017,0.0,0.0002,1.0,0.9966,0.0,0.0,0.0,0.0017,0.0,0.0002,1.0,0.7619,0.0,0.0,0.0,0.0002,0.0,0.0002,0.0,0.196,0.0,0.0,0.0,0.0,0.0,0.0002,0.0,0.2458,0.0,0.0,0.0,0.0,0.0,0.0002
COMTE,LSTMFCN,4237,1,3,217.755,0.0,0.1,8.3247,109.8556,14.0689,0.8896,1.0,0.9096,0.0,0.0005,1.0,0.8896,0.0,0.0115,1.0,0.8931,0.0,0.0006,1.0,0.6361,0.0,0.0105,1.0,0.8877,0.0,0.001,0.0,0.0232,0.0,0.0043,1.0,0.8503,0.0,0.0005,0.0,0.0,0.0,0.0011,1.0,0.8506,0.0,0.0004,0.0,0.0,0.0,0.0004,1.0,0.9788,0.0,0.0005,0.0,0.0005,0.0,0.0003,1.0,0.9978,0.0,0.0007,0.0,0.0012,0.0,0.0002,1.0,0.9738,0.0,0.0011,0.0,0.0002,0.0,0.0002,0.0,0.3819,0.0,0.0021,0.0,0.0005,0.0,0.0002,1.0,0.8531,0.0,0.0032,0.0,0.0,0.0,0.0002,1.0,0.9634,0.0,0.0038,0.0,0.0,0.0,0.0002
COMTE,LSTMFCN,2096,0,4,224.4326,0.0,0.0,4.3549,75.4671,11.13,0.9688,1.0,0.9963,1.0,0.9115,1.0,0.9688,0.0,0.0016,1.0,0.999,1.0,0.9502,1.0,0.9207,0.0,0.0007,1.0,0.9999,1.0,0.9886,1.0,0.6108,0.0,0.0006,1.0,0.9998,1.0,0.9939,0.0,0.3212,0.0,0.0005,1.0,1.0,1.0,0.9958,1.0,0.8802,0.0,0.0007,1.0,0.9982,1.0,0.9973,1.0,0.9706,0.0,0.001,1.0,0.9615,1.0,0.9982,1.0,0.9814,0.0,0.001,1.0,0.8932,1.0,0.9987,1.0,0.9984,0.0,0.001,1.0,0.5967,1.0,0.9989,1.0,0.9943,0.0,0.0011,0.0,0.0015,1.0,0.999,1.0,0.9997,0.0,0.0011,0.0,0.0002,1.0,0.9992,1.0,0.9957,0.0,0.0012
COMTE,LSTMFCN,1372,0,4,215.4544,0.0,0.0,4.2125,72.5845,10.5397,0.9688,1.0,0.996,1.0,0.9374,1.0,0.9688,0.0,0.0016,1.0,0.9993,1.0,0.9424,1.0,0.9411,0.0,0.0007,1.0,1.0,1.0,0.961,1.0,0.502,0.0,0.0006,1.0,0.9999,1.0,0.9577,0.0,0.3249,0.0,0.0005,1.0,0.9998,1.0,0.9804,1.0,0.7168,0.0,0.0007,1.0,0.9986,1.0,0.9937,1.0,0.9056,0.0,0.001,1.0,0.9955,1.0,0.9979,1.0,0.9921,0.0,0.001,1.0,0.9438,1.0,0.9991,1.0,0.9961,0.0,0.001,0.0,0.3946,1.0,0.9995,1.0,0.9745,0.0,0.0011,0.0,0.0086,1.0,0.9996,1.0,0.9987,0.0,0.0011,0.0,0.0,1.0,0.9996,1.0,0.9997,0.0,0.0012
COMTE,LSTMFCN,3973,1,3,226.3319,0.0,0.0,9.1255,117.2208,15.2028,0.8896,1.0,0.9648,0.0,0.0011,1.0,0.8896,0.0,0.0115,1.0,0.9342,0.0,0.0018,1.0,0.6107,0.0,0.0105,1.0,0.9429,0.0,0.0014,0.0,0.0019,0.0,0.0043,1.0,0.9676,0.0,0.0005,0.0,0.0001,0.0,0.0011,1.0,0.841,0.0,0.0003,0.0,0.0001,0.0,0.0004,1.0,0.9598,0.0,0.0002,0.0,0.0003,0.0,0.0003,1.0,0.9619,0.0,0.0002,0.0,0.0009,0.0,0.0002,1.0,0.8558,0.0,0.0003,0.0,0.0005,0.0,0.0002,1.0,0.9259,0.0,0.0005,0.0,0.0001,0.0,0.0002,1.0,0.5486,0.0,0.0006,0.0,0.0,0.0,0.0002,0.0,0.0706,0.0,0.0008,0.0,0.0,0.0,0.0002
COMTE,LSTMFCN,4011,1,3,217.4046,0.0,0.0,6.9577,82.6847,11.2961,0.8896,1.0,0.926,0.0,0.0027,1.0,0.8896,0.0,0.0115,1.0,0.7871,0.0,0.0,1.0,0.7924,0.0,0.0105,1.0,0.6282,0.0,0.0,0.0,0.0047,0.0,0.0043,0.0,0.0488,0.0,0.0,0.0,0.0003,0.0,0.0011,0.0,0.0633,0.0,0.0,0.0,0.0,0.0,0.0004,1.0,0.5204,0.0,0.0,0.0,0.0001,0.0,0.0003,1.0,0.6096,0.0,0.0,0.0,0.0004,0.0,0.0002,0.0,0.0491,0.0,0.0,0.0,0.001,0.0,0.0002,0.0,0.1043,0.0,0.0,0.0,0.0001,0.0,0.0002,0.0,0.407,0.0,0.0,0.0,0.0,0.0,0.0002,0.0,0.3507,0.0,0.0,0.0,0.0,0.0,0.0002
COMTE,LSTMFCN,2119,0,4,217.7532,0.0,0.0,7.3556,99.0339,12.3585,0.9688,1.0,0.9999,1.0,0.9728,1.0,0.9688,0.0,0.0016,1.0,1.0,1.0,0.9866,1.0,0.8888,0.0,0.0007,1.0,1.0,1.0,0.9923,1.0,0.8538,0.0,0.0006,1.0,1.0,1.0,0.9895,0.0,0.2215,0.0,0.0005,1.0,1.0,1.0,0.9837,1.0,0.735,0.0,0.0007,1.0,0.9999,1.0,0.9848,1.0,0.8446,0.0,0.001,1.0,0.9979,1.0,0.9924,1.0,0.9844,0.0,0.001,1.0,0.9789,1.0,0.996,1.0,0.9696,0.0,0.001,1.0,0.8315,1.0,0.998,1.0,0.9668,0.0,0.0011,0.0,0.0115,1.0,0.9991,1.0,0.9964,0.0,0.0011,0.0,0.1113,1.0,0.9994,1.0,1.0,0.0,0.0012
COMTE,LSTMFCN,2357,0,3,221.7016,0.0,0.0,3.2613,68.3853,7.1702,0.8896,1.0,0.9972,1.0,0.889,1.0,0.8896,0.0,0.0115,1.0,0.9997,1.0,0.9664,1.0,0.8048,0.0,0.0105,1.0,0.9999,1.0,0.9859,0.0,0.0094,0.0,0.0043,1.0,1.0,1.0,0.9898,0.0,0.0003,0.0,0.0011,1.0,1.0,1.0,0.9939,0.0,0.0,0.0,0.0004,1.0,0.9942,1.0,0.9968,0.0,0.0001,0.0,0.0003,1.0,0.996,1.0,0.998,0.0,0.0003,0.0,0.0002,1.0,0.8797,1.0,0.9989,0.0,0.0009,0.0,0.0002,1.0,0.7997,1.0,0.9993,0.0,0.0,0.0,0.0002,0.0,0.0451,1.0,0.9995,0.0,0.0001,0.0,0.0002,0.0,0.0005,1.0,0.9996,0.0,0.0,0.0,0.0002
COMTE,LSTMFCN,3911,1,3,217.7,0.0,0.1,8.0241,106.3274,13.8272,0.8896,1.0,0.9446,0.0,0.0261,1.0,0.8896,0.0,0.0115,1.0,0.8572,0.0,0.0036,1.0,0.7292,0.0,0.0105,1.0,0.9466,0.0,0.0005,0.0,0.0042,0.0,0.0043,1.0,0.8823,0.0,0.0001,0.0,0.0004,0.0,0.0011,1.0,0.7747,0.0,0.0001,0.0,0.0001,0.0,0.0004,1.0,0.9764,0.0,0.0001,0.0,0.0001,0.0,0.0003,1.0,0.9211,0.0,0.0001,0.0,0.0011,0.0,0.0002,0.0,0.3129,0.0,0.0002,0.0,0.0001,0.0,0.0002,0.0,0.0471,0.0,0.0003,0.0,0.0,0.0,0.0002,0.0,0.0332,0.0,0.0004,0.0,0.0,0.0,0.0002,0.0,0.025,0.0,0.0005,0.0,0.0,0.0,0.0002
COMTE,LSTMFCN,4016,1,3,218.2725,0.0,0.0,7.6217,78.7923,12.0855,0.7511,1.0,0.9965,0.0,0.007,1.0,0.7511,0.0,0.0618,1.0,0.961,0.0,0.0159,1.0,0.5562,0.0,0.0452,0.0,0.3749,0.0,0.0532,0.0,0.0001,0.0,0.0204,0.0,0.4854,0.0,0.0448,0.0,0.0001,0.0,0.0079,0.0,0.0501,0.0,0.0241,0.0,0.0,0.0,0.0039,1.0,0.5176,0.0,0.009,0.0,0.0001,0.0,0.0026,1.0,0.5316,0.0,0.0038,0.0,0.0007,0.0,0.0031,1.0,0.9796,0.0,0.0024,0.0,0.0002,0.0,0.002,1.0,0.806,0.0,0.002,0.0,0.0007,0.0,0.001,0.0,0.0004,0.0,0.0017,0.0,0.0,0.0,0.0007,0.0,0.3202,0.0,0.0015,0.0,0.0,0.0,0.0005
COMTE,LSTMFCN,1132,0,4,220.3069,0.0,0.0,4.3464,95.5821,12.8446,0.9688,1.0,0.9988,1.0,0.9544,1.0,0.9688,0.0,0.0016,1.0,0.9995,1.0,0.9673,1.0,0.9454,0.0,0.0007,1.0,0.9999,1.0,0.9956,1.0,0.6407,0.0,0.0006,1.0,1.0,1.0,0.9988,0.0,0.3874,0.0,0.0005,1.0,0.9999,1.0,0.9994,1.0,0.5247,0.0,0.0007,1.0,0.9891,1.0,0.9996,1.0,0.9692,0.0,0.001,1.0,0.9819,1.0,0.9997,1.0,0.9832,0.0,0.001,0.0,0.0855,1.0,0.9995,1.0,0.9972,0.0,0.001,0.0,0.0144,1.0,0.9992,1.0,0.9951,0.0,0.0011,0.0,0.2278,1.0,0.999,1.0,0.989,0.0,0.0011,0.0,0.0,1.0,0.9988,1.0,0.9992,0.0,0.0012
COMTE,LSTMFCN,4471,3,1,215.5787,0.0,0.0,3.6599,51.8817,6.2809,0.9878,1.0,0.5849,0.0,0.2626,1.0,0.9878,0.0,0.018,1.0,0.8138,0.0,0.1686,1.0,0.8485,0.0,0.0396,1.0,0.8266,0.0,0.0615,0.0,0.1341,0.0,0.1238,0.0,0.0015,0.0,0.0255,0.0,0.0161,0.0,0.1835,0.0,0.0005,0.0,0.0139,0.0,0.0005,0.0,0.1164,0.0,0.0001,0.0,0.0055,0.0,0.001,0.0,0.0406,0.0,0.0,0.0,0.0025,0.0,0.0099,0.0,0.011,0.0,0.0004,0.0,0.0024,0.0,0.0442,0.0,0.0037,0.0,0.0011,0.0,0.0022,0.0,0.0301,0.0,0.0018,0.0,0.0,0.0,0.002,0.0,0.0011,0.0,0.0012,0.0,0.0,0.0,0.0014,0.0,0.0047,0.0,0.001
COMTE,LSTMFCN,1800,0,4,222.7071,0.0,0.0,5.2124,95.9224,12.4545,0.9688,1.0,0.9999,1.0,0.9658,1.0,0.9688,0.0,0.0016,1.0,1.0,1.0,0.9804,1.0,0.9645,0.0,0.0007,1.0,1.0,1.0,0.9954,1.0,0.7489,0.0,0.0006,1.0,1.0,1.0,0.9982,0.0,0.1876,0.0,0.0005,1.0,1.0,1.0,0.9983,0.0,0.343,0.0,0.0007,1.0,0.9999,1.0,0.998,1.0,0.7792,0.0,0.001,1.0,0.9585,1.0,0.9981,1.0,0.9735,0.0,0.001,1.0,0.7786,1.0,0.9987,1.0,0.9958,0.0,0.001,0.0,0.1638,1.0,0.999,1.0,0.9994,0.0,0.0011,0.0,0.0174,1.0,0.9992,1.0,0.9975,0.0,0.0011,0.0,0.0002,1.0,0.9994,1.0,0.9997,0.0,0.0012
COMTE,LSTMFCN,3222,1,3,221.6948,0.0,0.0,9.5215,103.098,14.8944,0.89,1.0,0.9534,0.0,0.0082,1.0,0.89,0.0,0.2461,1.0,0.81,0.0,0.005,1.0,0.9306,0.0,0.0748,0.0,0.2828,0.0,0.0013,0.0,0.2535,0.0,0.0073,0.0,0.0037,0.0,0.0005,0.0,0.0006,0.0,0.002,0.0,0.0168,0.0,0.0002,0.0,0.0007,0.0,0.0018,0.0,0.0009,0.0,0.0001,0.0,0.0,0.0,0.0017,0.0,0.0187,0.0,0.0,0.0,0.0,0.0,0.0011,0.0,0.0043,0.0,0.0,0.0,0.0003,0.0,0.0009,0.0,0.0018,0.0,0.0,0.0,0.0001,0.0,0.0012,0.0,0.0038,0.0,0.0,0.0,0.0,0.0,0.0012,0.0,0.0008,0.0,0.0,0.0,0.0,0.0,0.001
COMTE,LSTMFCN,1078,0,3,217.7905,0.0071,0.0,5.8056,63.8703,8.1705,0.7511,1.0,0.9991,1.0,0.9063,1.0,0.7511,0.0,0.0618,1.0,0.9997,1.0,0.9251,1.0,0.6933,0.0,0.0452,1.0,1.0,1.0,0.9693,0.0,0.0281,0.0,0.0204,1.0,1.0,1.0,0.9878,0.0,0.0005,0.0,0.0079,1.0,1.0,1.0,0.9946,0.0,0.0,0.0,0.0039,1.0,0.9946,1.0,0.997,0.0,0.0001,0.0,0.0026,1.0,0.9995,1.0,0.9978,0.0,0.001,0.0,0.0031,1.0,0.9891,1.0,0.9982,0.0,0.0007,0.0,0.002,0.0,0.0488,1.0,0.9988,0.0,0.0,0.0,0.001,0.0,0.0561,1.0,0.9992,0.0,0.0001,0.0,0.0007,0.0,0.0,1.0,0.9995,0.0,0.0,0.0,0.0005
COMTE,LSTMFCN,4082,1,3,216.7113,0.0,0.0,12.2939,117.4547,16.2648,0.89,1.0,0.9934,0.0,0.0966,1.0,0.89,0.0,0.2461,1.0,0.9626,0.0,0.0063,1.0,0.9097,0.0,0.0748,1.0,0.9737,0.0,0.0003,0.0,0.1595,0.0,0.0073,1.0,0.9199,0.0,0.0,0.0,0.001,0.0,0.002,1.0,0.751,0.0,0.0,0.0,0.0,0.0,0.0018,1.0,0.8754,0.0,0.0,0.0,0.0004,0.0,0.0017,1.0,0.8498,0.0,0.0,0.0,0.0001,0.0,0.0011,1.0,0.9981,0.0,0.0,0.0,0.0003,0.0,0.0009,1.0,0.608,0.0,0.0,0.0,0.0,0.0,0.0012,1.0,0.7809,0.0,0.0,0.0,0.0,0.0,0.0012,1.0,0.7205,0.0,0.0,0.0,0.0,0.0,0.001
COMTE,LSTMFCN,3969,1,3,217.1147,0.0071,0.0,7.5624,102.0646,13.4309,0.8896,1.0,0.953,0.0,0.0132,1.0,0.8896,0.0,0.0115,1.0,0.8691,0.0,0.0006,0.0,0.1055,0.0,0.0105,1.0,0.986,0.0,0.0002,0.0,0.0019,0.0,0.0043,1.0,0.8638,0.0,0.0001,0.0,0.0002,0.0,0.0011,0.0,0.221,0.0,0.0001,0.0,0.0,0.0,0.0004,1.0,0.995,0.0,0.0001,0.0,0.0009,0.0,0.0003,1.0,0.901,0.0,0.0002,0.0,0.0005,0.0,0.0002,1.0,0.6962,0.0,0.0003,0.0,0.0003,0.0,0.0002,1.0,0.7027,0.0,0.0004,0.0,0.0002,0.0,0.0002,1.0,0.9137,0.0,0.0006,0.0,0.0,0.0,0.0002,0.0,0.0661,0.0,0.0006,0.0,0.0,0.0,0.0002
COMTE,LSTMFCN,3016,1,3,215.6746,0.0,0.0,9.1458,117.4804,14.6786,0.8896,1.0,0.9533,0.0,0.0027,1.0,0.8896,0.0,0.0115,1.0,0.9,0.0,0.0041,1.0,0.6154,0.0,0.0105,1.0,0.9749,0.0,0.0013,0.0,0.0031,0.0,0.0043,1.0,0.7266,0.0,0.0003,0.0,0.0001,0.0,0.0011,1.0,0.8507,0.0,0.0001,0.0,0.0001,0.0,0.0004,1.0,0.9878,0.0,0.0001,0.0,0.0003,0.0,0.0003,1.0,0.9494,0.0,0.0001,0.0,0.0004,0.0,0.0002,1.0,0.974,0.0,0.0002,0.0,0.0005,0.0,0.0002,1.0,0.9439,0.0,0.0002,0.0,0.0002,0.0,0.0002,0.0,0.0572,0.0,0.0003,0.0,0.0,0.0,0.0002,0.0,0.006,0.0,0.0004,0.0,0.0,0.0,0.0002
COMTE,LSTMFCN,270,0,2,212.5917,0.0,0.0,5.2579,112.1584,13.4169,0.9164,1.0,0.9999,1.0,0.8903,1.0,0.9164,0.0,0.3093,1.0,1.0,1.0,0.7547,1.0,0.8691,0.0,0.1009,1.0,1.0,1.0,0.8714,0.0,0.3337,0.0,0.0197,1.0,1.0,1.0,0.9649,0.0,0.005,0.0,0.0055,1.0,1.0,1.0,0.9913,0.0,0.0214,0.0,0.0027,1.0,1.0,1.0,0.9955,0.0,0.0118,0.0,0.0016,1.0,0.9976,1.0,0.9972,0.0,0.0082,0.0,0.0009,1.0,0.9306,1.0,0.9984,0.0,0.0113,0.0,0.0005,0.0,0.2854,1.0,0.999,0.0,0.0015,0.0,0.0002,0.0,0.0003,1.0,0.9994,0.0,0.0006,0.0,0.0001,0.0,0.0012,1.0,0.9996,0.0,0.0001,0.0,0.0
COMTE,LSTMFCN,2293,0,4,216.6772,0.0,0.0,4.7948,102.843,13.1851,0.9688,1.0,0.9997,1.0,0.9191,1.0,0.9688,0.0,0.0016,1.0,1.0,1.0,0.9564,1.0,0.9428,0.0,0.0007,1.0,1.0,1.0,0.984,0.0,0.4271,0.0,0.0006,1.0,1.0,1.0,0.9863,0.0,0.3684,0.0,0.0005,1.0,1.0,1.0,0.9867,0.0,0.3852,0.0,0.0007,1.0,0.9998,1.0,0.987,1.0,0.9654,0.0,0.001,1.0,0.9479,1.0,0.988,1.0,0.9871,0.0,0.001,1.0,0.9968,1.0,0.9912,1.0,0.9926,0.0,0.001,0.0,0.3579,1.0,0.9952,1.0,0.999,0.0,0.0011,0.0,0.0614,1.0,0.9977,1.0,0.9985,0.0,0.0011,0.0,0.0,1.0,0.9987,1.0,0.9987,0.0,0.0012
COMTE,LSTMFCN,317,0,4,220.0777,0.0071,0.0,6.6031,90.0556,11.9241,0.9688,1.0,0.9999,1.0,0.9621,1.0,0.9688,0.0,0.0016,1.0,1.0,1.0,0.9776,1.0,0.9141,0.0,0.0007,1.0,1.0,1.0,0.9955,0.0,0.4754,0.0,0.0006,1.0,1.0,1.0,0.9969,1.0,0.669,0.0,0.0005,1.0,1.0,1.0,0.9939,1.0,0.6677,0.0,0.0007,1.0,0.9985,1.0,0.9922,1.0,0.8835,0.0,0.001,1.0,0.9995,1.0,0.9946,1.0,0.9871,0.0,0.001,1.0,0.9846,1.0,0.9972,1.0,0.995,0.0,0.001,1.0,0.8504,1.0,0.9986,1.0,0.9969,0.0,0.0011,0.0,0.1285,1.0,0.999,1.0,0.9985,0.0,0.0011,0.0,0.0043,1.0,0.9993,1.0,0.9994,0.0,0.0012
COMTE,LSTMFCN,4145,1,3,217.6814,0.0,0.0,9.1833,125.6873,15.63,0.8896,1.0,0.9821,0.0,0.0005,1.0,0.8896,0.0,0.0115,1.0,0.9458,0.0,0.0001,1.0,0.5236,0.0,0.0105,1.0,0.9644,0.0,0.0,0.0,0.0037,0.0,0.0043,1.0,0.9738,0.0,0.0,0.0,0.0003,0.0,0.0011,1.0,0.9638,0.0,0.0,0.0,0.0002,0.0,0.0004,1.0,0.8867,0.0,0.0,0.0,0.0011,0.0,0.0003,1.0,0.9593,0.0,0.0,0.0,0.0015,0.0,0.0002,1.0,0.986,0.0,0.0,0.0,0.0006,0.0,0.0002,1.0,0.7088,0.0,0.0,0.0,0.0,0.0,0.0002,0.0,0.0438,0.0,0.0,0.0,0.0,0.0,0.0002,1.0,0.967,0.0,0.0,0.0,0.0,0.0,0.0002
