Method,Dataset,Sample_Index,Original_Class,Counterfactual_Class,Generation_Time,Tp_Sparsity,Seg_Sparsity,L1,L2,DTW,Orig_Rob_Gauss_eps0.00,Orig_Conf_Gauss_eps0.00,Orig_Rob_Adv_eps0.00,Orig_Conf_Adv_eps0.00,CF_Rob_Gauss_eps0.00,CF_Conf_Gauss_eps0.00,CF_Rob_Adv_eps0.00,CF_Conf_Adv_eps0.00,Orig_Rob_Gauss_eps0.20,Orig_Conf_Gauss_eps0.20,Orig_Rob_Adv_eps0.20,Orig_Conf_Adv_eps0.20,CF_Rob_Gauss_eps0.20,CF_Conf_Gauss_eps0.20,CF_Rob_Adv_eps0.20,CF_Conf_Adv_eps0.20,Orig_Rob_Gauss_eps0.40,Orig_Conf_Gauss_eps0.40,Orig_Rob_Adv_eps0.40,Orig_Conf_Adv_eps0.40,CF_Rob_Gauss_eps0.40,CF_Conf_Gauss_eps0.40,CF_Rob_Adv_eps0.40,CF_Conf_Adv_eps0.40,Orig_Rob_Gauss_eps0.60,Orig_Conf_Gauss_eps0.60,Orig_Rob_Adv_eps0.60,Orig_Conf_Adv_eps0.60,CF_Rob_Gauss_eps0.60,CF_Conf_Gauss_eps0.60,CF_Rob_Adv_eps0.60,CF_Conf_Adv_eps0.60,Orig_Rob_Gauss_eps0.80,Orig_Conf_Gauss_eps0.80,Orig_Rob_Adv_eps0.80,Orig_Conf_Adv_eps0.80,CF_Rob_Gauss_eps0.80,CF_Conf_Gauss_eps0.80,CF_Rob_Adv_eps0.80,CF_Conf_Adv_eps0.80,Orig_Rob_Gauss_eps1.00,Orig_Conf_Gauss_eps1.00,Orig_Rob_Adv_eps1.00,Orig_Conf_Adv_eps1.00,CF_Rob_Gauss_eps1.00,CF_Conf_Gauss_eps1.00,CF_Rob_Adv_eps1.00,CF_Conf_Adv_eps1.00,Orig_Rob_Gauss_eps1.20,Orig_Conf_Gauss_eps1.20,Orig_Rob_Adv_eps1.20,Orig_Conf_Adv_eps1.20,CF_Rob_Gauss_eps1.20,CF_Conf_Gauss_eps1.20,CF_Rob_Adv_eps1.20,CF_Conf_Adv_eps1.20,Orig_Rob_Gauss_eps1.40,Orig_Conf_Gauss_eps1.40,Orig_Rob_Adv_eps1.40,Orig_Conf_Adv_eps1.40,CF_Rob_Gauss_eps1.40,CF_Conf_Gauss_eps1.40,CF_Rob_Adv_eps1.40,CF_Conf_Adv_eps1.40,Orig_Rob_Gauss_eps1.60,Orig_Conf_Gauss_eps1.60,Orig_Rob_Adv_eps1.60,Orig_Conf_Adv_eps1.60,CF_Rob_Gauss_eps1.60,CF_Conf_Gauss_eps1.60,CF_Rob_Adv_eps1.60,CF_Conf_Adv_eps1.60,Orig_Rob_Gauss_eps1.80,Orig_Conf_Gauss_eps1.80,Orig_Rob_Adv_eps1.80,Orig_Conf_Adv_eps1.80,CF_Rob_Gauss_eps1.80,CF_Conf_Gauss_eps1.80,CF_Rob_Adv_eps1.80,CF_Conf_Adv_eps1.80,Orig_Rob_Gauss_eps2.00,Orig_Conf_Gauss_eps2.00,Orig_Rob_Adv_eps2.00,Orig_Conf_Adv_eps2.00,CF_Rob_Gauss_eps2.00,CF_Conf_Gauss_eps2.00,CF_Rob_Adv_eps2.00,CF_Conf_Adv_eps2.00
AB_CF,ECG5000,4033,1,3,0.5628,0.8,0.8,26.708,5.5882,2.5794,1.0,0.9842405915260315,0.0,0.00010652995842974633,1.0,0.6430331468582153,0.0,0.043043117970228195,1.0,0.97487872838974,0.0,1.8052411178359762e-05,0.0,0.3737719655036926,0.0,0.02210623398423195,1.0,0.9843512773513794,0.0,8.349244126293343e-06,0.0,0.03289072588086128,0.0,0.005898712668567896,1.0,0.9791917204856873,0.0,8.059058018261567e-05,0.0,0.038234859704971313,0.0,0.003183934837579727,1.0,0.5805429220199585,0.0,0.0010957885533571243,0.0,0.012114173732697964,0.0,0.0010249203769490123,1.0,0.9114471077919006,0.0,0.006376058794558048,0.0,0.0013994971523061395,0.0,0.0005600977456197143,0.0,0.04403207451105118,0.0,0.01797778159379959,0.0,0.000375051808077842,0.0,0.0004537662898655981,0.0,0.05717140808701515,0.0,0.025902949273586273,0.0,9.094321285374463e-06,0.0,0.0004167368751950562,0.0,0.020590517669916153,0.0,0.028652828186750412,0.0,1.3548041351896245e-05,0.0,0.0003953018458560109,0.0,0.27031952142715454,0.0,0.023142509162425995,0.0,4.159695436101174e-06,0.0,0.00039555877447128296,0.0,0.012714837677776814,0.0,0.016805298626422882,0.0,1.6002230722733657e-06,0.0,0.00037634492036886513
AB_CF,ECG5000,1027,0,4,0.1081,0.6,0.6,42.5422,8.0863,6.1562,1.0,0.9994884729385376,1.0,0.9981149435043335,1.0,0.48651978373527527,0.0,0.00015003074076958,1.0,0.9998759031295776,1.0,0.9925258159637451,1.0,0.5828636884689331,0.0,6.77861607982777e-05,1.0,0.9999221563339233,1.0,0.9939629435539246,1.0,0.6045269966125488,0.0,5.195571793592535e-05,1.0,0.9951426982879639,1.0,0.9879562258720398,1.0,0.753861665725708,0.0,0.00022184352565091103,1.0,0.5076457262039185,1.0,0.9694154858589172,1.0,0.9701550006866455,0.0,0.001169384690001607,0.0,0.4861848056316376,1.0,0.9410779476165771,1.0,0.9989339709281921,0.0,0.004106700420379639,0.0,0.00019656262884382159,1.0,0.927885890007019,1.0,0.985747754573822,0.0,0.011656143702566624,0.0,1.8012298141911742e-06,1.0,0.928959846496582,1.0,0.9957143664360046,0.0,0.03055976890027523,0.0,4.335620360507164e-07,1.0,0.9132229089736938,1.0,0.9994457364082336,0.0,0.06375639885663986,0.0,9.233356301763251e-09,1.0,0.8671172261238098,1.0,0.999942421913147,0.0,0.10986731946468353,0.0,1.851589020995803e-10,1.0,0.7685195803642273,1.0,0.9990643858909607,0.0,0.1360228955745697
AB_CF,ECG5000,730,0,4,0.1247,0.4,0.4,65.0411,9.4153,6.3452,1.0,0.999811589717865,1.0,0.9983966946601868,1.0,0.7016063928604126,0.0,0.00031745719024911523,1.0,0.9999344348907471,1.0,0.997954249382019,1.0,0.5234074592590332,0.0,2.5506513338768855e-05,1.0,0.9998388290405273,1.0,0.9990391731262207,1.0,0.5394815802574158,0.0,6.777439011784736e-06,1.0,0.9975848197937012,1.0,0.9986168146133423,0.0,0.12522944808006287,0.0,5.765170953964116e-06,1.0,0.7492336630821228,1.0,0.9962804913520813,1.0,0.9878047704696655,0.0,1.1519974577822722e-05,0.0,0.00962990615516901,1.0,0.9881069660186768,1.0,0.9957893490791321,0.0,6.344945722958073e-05,0.0,0.004624552559107542,1.0,0.9684993624687195,1.0,0.9977082014083862,0.0,0.00046827815822325647,0.0,0.0001507124543422833,1.0,0.9466157555580139,1.0,0.9986851811408997,0.0,0.002949813846498728,0.0,2.612872833651636e-07,1.0,0.9073692560195923,1.0,0.9998966455459595,0.0,0.014358698390424252,0.0,6.226453574953439e-09,1.0,0.8358538150787354,1.0,0.9999498128890991,0.0,0.04787668585777283,0.0,1.1833877522349212e-07,1.0,0.724588930606842,1.0,0.9994811415672302,0.0,0.13627593219280243
AB_CF,ECG5000,488,0,4,0.1225,0.4,0.4,51.1583,8.3301,5.8277,1.0,0.9994858503341675,1.0,0.9985554814338684,1.0,0.8232106566429138,0.0,9.296775533584878e-05,1.0,0.999963641166687,1.0,0.9986435770988464,1.0,0.8483534455299377,0.0,4.030180934933014e-05,1.0,0.9989846348762512,1.0,0.9988515377044678,0.0,0.4552554786205292,0.0,4.252367580193095e-05,1.0,0.9977867603302002,1.0,0.9958518743515015,1.0,0.9723730683326721,0.0,0.0001875808520708233,0.0,0.42954596877098083,1.0,0.9827209115028381,1.0,0.9827587008476257,0.0,0.000904141110368073,0.0,0.02190295048058033,1.0,0.9420261383056641,1.0,0.9992434978485107,0.0,0.0022721844725310802,0.0,0.00019808064098469913,1.0,0.9122875332832336,1.0,0.9991391897201538,0.0,0.0047629475593566895,0.0,1.0827552614500746e-05,1.0,0.9120824933052063,1.0,0.9997316002845764,0.0,0.013658899813890457,0.0,2.597009597593569e-06,1.0,0.9118098020553589,1.0,0.9998745918273926,0.0,0.030025819316506386,0.0,6.666093099738646e-08,1.0,0.8601586818695068,1.0,0.9999713897705078,0.0,0.0771581307053566,0.0,1.6737428110147334e-09,1.0,0.7000274062156677,1.0,0.9997307658195496,0.0,0.20120790600776672
AB_CF,ECG5000,2092,0,2,0.2198,0.8,0.8,20.7138,4.4786,2.1943,1.0,0.992866039276123,1.0,0.862786591053009,1.0,0.5354458093643188,0.0,0.0002934455405920744,1.0,0.9941418766975403,1.0,0.5270907282829285,1.0,0.5015884637832642,0.0,0.00021929253125563264,1.0,0.9842389822006226,0.0,0.22110722959041595,0.0,0.26129743456840515,0.0,0.00013066589599475265,1.0,0.8745536804199219,0.0,0.08770941197872162,1.0,0.5367279052734375,0.0,8.471576438751072e-05,0.0,0.10089743137359619,0.0,0.05711682140827179,0.0,0.3788398802280426,0.0,5.042255361331627e-05,0.0,0.00929354503750801,0.0,0.06555451452732086,0.0,0.16241317987442017,0.0,8.593508937337901e-06,0.0,2.817258791765198e-05,0.0,0.13804015517234802,0.0,0.0364326536655426,0.0,1.9796980268438347e-06,0.0,4.40073648633188e-07,0.0,0.2950954735279083,0.0,0.0159246027469635,0.0,2.124327465935494e-06,0.0,7.62291278988414e-07,0.0,0.40446045994758606,0.0,0.023136768490076065,0.0,5.781821528216824e-06,0.0,1.4424291094883301e-08,0.0,0.3982527554035187,0.0,0.004465730860829353,0.0,2.0564921214827336e-05,0.0,2.8730628987005957e-10,0.0,0.34857290983200073,0.0,0.005362535826861858,0.0,8.335726306540892e-05
AB_CF,ECG5000,1120,0,3,0.4583,0.2,0.2,63.4729,7.357,2.7761,1.0,0.9997301697731018,1.0,0.9981186985969543,1.0,0.5072131156921387,0.0,0.0024414928629994392,1.0,0.9999551773071289,1.0,0.9910815954208374,0.0,0.0006806234596297145,0.0,0.0007198919774964452,1.0,0.9996808767318726,1.0,0.9864957928657532,0.0,0.0004289390053600073,0.0,0.00015460592112503946,1.0,0.9991344809532166,1.0,0.9574921727180481,0.0,3.396787178644445e-06,0.0,4.934807293466292e-05,1.0,0.9489105939865112,1.0,0.8503969311714172,0.0,7.024166552582756e-05,0.0,2.723384022829123e-05,0.0,0.44996511936187744,1.0,0.686358630657196,0.0,3.3722246826073388e-06,0.0,2.0773552023456432e-05,0.0,0.000340133294230327,1.0,0.678574800491333,0.0,3.7474496821232606e-06,0.0,1.4504604223475326e-05,0.0,0.00019239950051996857,1.0,0.6558085083961487,0.0,1.3283964150900829e-08,0.0,9.460354704060592e-06,0.0,3.127494665022823e-06,1.0,0.6894468069076538,0.0,1.1655511400476826e-07,0.0,1.034028537105769e-05,0.0,2.3268056281722238e-07,1.0,0.7135429382324219,0.0,3.5588998414937123e-09,0.0,1.5601419363520108e-05,0.0,3.4995586872810236e-08,1.0,0.6762799620628357,0.0,4.971592915126166e-09,0.0,3.2044757972471416e-05
AB_CF,ECG5000,870,0,2,0.2609,0.2,0.2,107.5939,13.0189,4.4179,1.0,0.9999583959579468,1.0,0.991094172000885,1.0,0.8260904550552368,0.0,0.003724930575117469,1.0,0.9999978542327881,1.0,0.9653021693229675,1.0,0.5614199638366699,0.0,0.0006070287199690938,1.0,0.9999902248382568,1.0,0.9860174059867859,0.0,0.08028093725442886,0.0,0.0001859014737419784,1.0,0.999556839466095,1.0,0.98095703125,0.0,0.05269131809473038,0.0,0.0001472710573580116,1.0,0.9205160140991211,1.0,0.9537515044212341,0.0,0.014097832143306732,0.0,0.00015276472549885511,0.0,0.14850300550460815,1.0,0.9014995098114014,0.0,0.0019865476060658693,0.0,0.00014989677583798766,0.0,0.0003490378148853779,1.0,0.7907311320304871,0.0,0.0009680846706032753,0.0,0.00012670653813984245,0.0,4.186767455394147e-06,1.0,0.6988510489463806,0.0,0.0003130864934064448,0.0,0.000128283747471869,0.0,8.098159014480188e-06,1.0,0.645850658416748,0.0,0.002195250941440463,0.0,0.00020737049635499716,0.0,1.8301902571238315e-07,1.0,0.7074645757675171,0.0,0.0033347615972161293,0.0,0.00033734276075847447,0.0,3.502655232523466e-08,1.0,0.7946630716323853,0.0,0.0004356518038548529,0.0,0.0005529125919565558
AB_CF,ECG5000,1573,0,4,0.1369,0.3,0.3,72.8826,10.4308,6.3508,1.0,0.9999498128890991,1.0,0.9987899661064148,1.0,0.7059415578842163,0.0,0.00012929319927934557,1.0,0.9999202489852905,1.0,0.9961677193641663,1.0,0.6308910250663757,0.0,7.87051521911053e-06,1.0,0.9999563694000244,1.0,0.9865610003471375,0.0,0.45994868874549866,0.0,3.617472657424514e-06,1.0,0.9995334148406982,1.0,0.8849347233772278,1.0,0.9218881726264954,0.0,6.891274551890092e-06,1.0,0.7082266807556152,0.0,0.444955438375473,1.0,0.9911175966262817,0.0,2.85769365291344e-05,0.0,0.02546744793653488,0.0,0.3402281105518341,1.0,0.9922266006469727,0.0,0.00023234213585965335,0.0,0.00017103715799748898,1.0,0.42844709753990173,1.0,0.9993047714233398,0.0,0.002050782786682248,0.0,4.895188249065541e-05,1.0,0.5391343235969543,1.0,0.9996306896209717,0.0,0.014338942244648933,0.0,8.570293630327797e-07,1.0,0.5602807998657227,1.0,0.9988874793052673,0.0,0.06877648085355759,0.0,1.2047253861169338e-08,1.0,0.49989452958106995,1.0,0.999790370464325,0.0,0.23986616730690002,0.0,5.747277320722333e-09,0.0,0.38175949454307556,1.0,0.9999276399612427,1.0,0.5188578367233276
AB_CF,ECG5000,159,0,4,0.1266,0.5,0.6,61.0848,11.4046,5.6656,1.0,0.9989705085754395,1.0,0.9990088939666748,1.0,0.746937096118927,0.0,0.0006842456059530377,1.0,0.9997854828834534,1.0,0.9990924596786499,1.0,0.9302753210067749,0.0,0.0031455964781343937,1.0,0.9986196756362915,1.0,0.9996175765991211,1.0,0.8037269711494446,0.0,0.0067988066002726555,1.0,0.9890865087509155,1.0,0.9989773035049438,1.0,0.9841156601905823,0.0,0.012194395996630192,1.0,0.6551631689071655,1.0,0.996658444404602,1.0,0.9978324770927429,0.0,0.01742159016430378,1.0,0.5887834429740906,1.0,0.9886673092842102,1.0,0.9859775304794312,0.0,0.03136608004570007,0.0,0.0035322830080986023,1.0,0.9737079739570618,1.0,0.9999377727508545,0.0,0.04762154072523117,0.0,7.249349437188357e-06,1.0,0.9531356692314148,1.0,0.9999501705169678,0.0,0.05649255961179733,0.0,1.98698785425222e-06,1.0,0.9175869226455688,1.0,0.9890345335006714,0.0,0.07907363772392273,0.0,1.592141529727087e-08,1.0,0.805365800857544,1.0,0.9976904392242432,0.0,0.136696919798851,0.0,4.2349519446815975e-08,1.0,0.5784327983856201,1.0,0.9977703094482422,0.0,0.28145837783813477
AB_CF,ECG5000,3019,1,0,4.9293,0.9,0.9,39.7628,10.7307,2.8743,1.0,0.7465060949325562,0.0,9.246946137864143e-05,1.0,0.8924367427825928,1.0,0.9801445007324219,0.0,0.08280845731496811,0.0,9.047613275470212e-06,1.0,0.9802218079566956,1.0,0.9915708303451538,0.0,0.1372269243001938,0.0,8.886507316674397e-07,1.0,0.9679918885231018,1.0,0.9828698039054871,0.0,0.009788586758077145,0.0,9.605013474356383e-06,0.0,0.464267760515213,1.0,0.9174866676330566,0.0,0.028745612129569054,0.0,0.0001319309085374698,0.0,0.4693201184272766,1.0,0.7166945338249207,0.0,0.01244140975177288,0.0,0.00047036612522788346,0.0,0.003102521877735853,1.0,0.5255927443504333,0.0,0.0003658868954516947,0.0,0.0006660108920186758,0.0,0.00019210514437872916,1.0,0.4520130753517151,0.0,0.00010973771713906899,0.0,0.0008131630020216107,0.0,9.425483585800976e-05,1.0,0.45550408959388733,0.0,2.423872319923248e-05,0.0,0.0009202016517519951,0.0,4.761655247875751e-08,1.0,0.45896705985069275,0.0,1.5195061209283267e-08,0.0,0.000983096077106893,0.0,2.8395408691039847e-08,0.0,0.4231894910335541,0.0,2.705207862163661e-07,0.0,0.0009566150838509202,0.0,8.37004421327947e-08,0.0,0.37834686040878296
AB_CF,ECG5000,1267,0,4,0.1259,0.0,0.0,92.1466,13.3111,3.9608,1.0,0.998137354850769,1.0,0.9978188276290894,1.0,0.9675211906433105,0.0,5.172071905690245e-05,1.0,0.9930455088615417,1.0,0.8344821333885193,1.0,0.972132682800293,0.0,4.484219971345738e-06,1.0,0.9749166369438171,0.0,0.27858564257621765,1.0,0.8625736236572266,0.0,3.3715236895659473e-06,1.0,0.8969570398330688,0.0,0.07347914576530457,1.0,0.9922695159912109,0.0,1.04623823062866e-05,0.0,0.023457087576389313,0.0,0.04413890838623047,1.0,0.9991876482963562,0.0,5.49602227692958e-05,0.0,0.012399916537106037,0.0,0.09115997701883316,1.0,0.9997859597206116,0.0,0.00041528386645950377,0.0,0.00011437458306318149,0.0,0.24224118888378143,1.0,0.9999608993530273,0.0,0.0026672757230699062,0.0,2.3613760276930407e-05,0.0,0.382559597492218,1.0,0.9999735355377197,0.0,0.017031807452440262,0.0,5.584826112681185e-08,0.0,0.36657118797302246,1.0,0.9998480081558228,0.0,0.09071249514818192,0.0,5.230495592201123e-09,0.0,0.26321542263031006,1.0,0.9999873638153076,0.0,0.2846916615962982,0.0,1.077753886136179e-08,0.0,0.14462965726852417,1.0,0.9998509883880615,1.0,0.4991943836212158
AB_CF,ECG5000,842,0,4,0.1438,0.2,0.2,79.3387,10.6412,6.6219,1.0,0.9998584985733032,1.0,0.9991397857666016,1.0,0.8214427828788757,0.0,0.0005767634138464928,1.0,0.9998518228530884,1.0,0.9987407326698303,1.0,0.6018915176391602,0.0,5.643266922561452e-05,1.0,0.9997478127479553,1.0,0.9987626075744629,1.0,0.5280681252479553,0.0,3.038408249267377e-05,1.0,0.9974319338798523,1.0,0.9970057606697083,1.0,0.9381288886070251,0.0,4.6741493861190975e-05,1.0,0.6723925471305847,1.0,0.9883967041969299,1.0,0.9818965196609497,0.0,0.0001231267087860033,0.0,0.026117075234651566,1.0,0.9789712429046631,1.0,0.9976031184196472,0.0,0.00053798669250682,0.0,0.0011157303815707564,1.0,0.9688394069671631,1.0,0.9995346069335938,0.0,0.0029957282822579145,0.0,9.309615961683448e-06,1.0,0.9581531882286072,1.0,0.9996521472930908,0.0,0.016148502007126808,0.0,1.324647342926255e-07,1.0,0.9430027008056641,1.0,0.9996298551559448,0.0,0.07349246740341187,0.0,4.5818117655471724e-07,1.0,0.911278486251831,1.0,0.9998276233673096,0.0,0.2065451294183731,0.0,2.403004240036921e-09,1.0,0.8322955965995789,1.0,0.9994439482688904,0.0,0.4096772372722626
AB_CF,ECG5000,1219,0,3,0.3992,0.4,0.4,73.9608,11.7152,3.3592,1.0,0.999840259552002,1.0,0.999830961227417,1.0,0.6477726101875305,0.0,0.00036465527955442667,1.0,0.9999017715454102,1.0,0.9994161128997803,0.0,0.43888071179389954,0.0,1.1144414202135522e-05,1.0,0.9987970590591431,1.0,0.9999141693115234,0.0,0.0843680202960968,0.0,1.087956206902163e-06,1.0,0.9474413990974426,1.0,0.9998186230659485,0.0,0.11266405880451202,0.0,9.40151153372426e-07,0.0,0.21923957765102386,1.0,0.997008740901947,0.0,0.002011780394241214,0.0,2.0335896806500386e-06,0.0,0.2402685284614563,1.0,0.9801514148712158,0.0,0.0022624400444328785,0.0,5.137654170539463e-06,0.0,0.00020779242913704365,1.0,0.9461996555328369,0.0,0.0010492808651179075,0.0,1.4558776456397027e-05,0.0,1.6183517800527625e-05,1.0,0.9215742945671082,0.0,5.033838533563539e-06,0.0,2.8037269657943398e-05,0.0,1.6269608750008047e-05,1.0,0.9244162440299988,0.0,4.684505984187126e-05,0.0,3.8725083868484944e-05,0.0,7.38141238798562e-07,1.0,0.9504099488258362,0.0,1.0006992852140684e-06,0.0,5.2067229262320325e-05,0.0,1.5599598002236092e-11,1.0,0.9646424651145935,0.0,1.2364304780021484e-07,0.0,6.8522451329045e-05
AB_CF,ECG5000,1734,0,2,0.2579,0.3,0.3,101.6093,13.9503,3.9832,1.0,0.9999551773071289,1.0,0.9990442395210266,1.0,0.8081874847412109,0.0,0.02456517145037651,1.0,0.9999947547912598,1.0,0.9984859824180603,1.0,0.5220533609390259,0.0,0.0029022463131695986,1.0,0.9999793767929077,1.0,0.9990696310997009,0.0,0.024144910275936127,0.0,0.0006417828844860196,1.0,0.995092511177063,1.0,0.9982283711433411,0.0,0.014037229120731354,0.0,0.00022739906853530556,1.0,0.9642294049263,1.0,0.9955331087112427,0.0,0.006547365803271532,0.0,8.98793587111868e-05,0.0,0.02964734099805355,1.0,0.9939113855361938,0.0,0.004466354846954346,0.0,4.4666536268778145e-05,0.0,0.00012637856707442552,1.0,0.9939540028572083,0.0,0.001478671794757247,0.0,3.543681668816134e-05,0.0,2.2103598894318566e-05,1.0,0.9921053647994995,0.0,0.0002650103997439146,0.0,6.862995360279456e-05,0.0,8.582583745919692e-07,1.0,0.9861223101615906,0.0,0.0009364109137095511,0.0,0.0002127503976225853,0.0,3.120351266261423e-08,1.0,0.9720768332481384,0.0,0.00019270477059762925,0.0,0.000625617743935436,0.0,2.1723380871918607e-09,1.0,0.9425665140151978,0.0,0.000489012454636395,0.0,0.0015208994736894965
AB_CF,ECG5000,846,0,3,0.4269,0.2071,0.2,59.4871,7.44,3.6917,1.0,0.9992167949676514,1.0,0.9979227185249329,1.0,0.843330979347229,0.0,0.0035724129993468523,1.0,0.999904990196228,1.0,0.9942595958709717,0.0,0.009650908410549164,0.0,0.0007834118441678584,1.0,0.9999065399169922,1.0,0.9994269609451294,0.0,4.9365145969204605e-05,0.0,0.00024461690918542445,1.0,0.9976475834846497,1.0,0.9993029832839966,0.0,4.9679019866744056e-05,0.0,0.00019648823945317417,1.0,0.9381365776062012,1.0,0.9985051155090332,0.0,0.00010946216934826225,0.0,0.00025648754672147334,0.0,0.01859961450099945,1.0,0.9977912902832031,0.0,4.451265340321697e-05,0.0,0.0002785224060062319,0.0,0.0004791627579834312,1.0,0.997707724571228,0.0,1.3090850643493468e-06,0.0,0.00017012939497362822,0.0,3.182058208039962e-05,1.0,0.9973334074020386,0.0,1.2987518971385725e-07,0.0,7.16198337613605e-05,0.0,6.213413428213244e-08,1.0,0.9950607419013977,0.0,6.324894497033995e-10,0.0,3.26261215377599e-05,0.0,2.967792900321342e-09,1.0,0.987514317035675,0.0,6.724022227899695e-07,0.0,2.6619039999786764e-05,0.0,6.874671498735552e-07,1.0,0.9603773355484009,0.0,1.6880676856345644e-09,0.0,4.551444362732582e-05
AB_CF,ECG5000,326,0,4,0.1223,0.4,0.4,73.7798,11.0844,5.9783,1.0,0.9982159733772278,1.0,0.9987829327583313,1.0,0.8689201474189758,0.0,0.0002140386204700917,1.0,0.9994192123413086,1.0,0.9987724423408508,1.0,0.8710057735443115,0.0,3.7945545045658946e-05,1.0,0.9969158172607422,1.0,0.9990529417991638,1.0,0.826245129108429,0.0,3.9659444155404344e-05,1.0,0.9981417655944824,1.0,0.9986686706542969,1.0,0.9554305076599121,0.0,4.216725574224256e-05,1.0,0.7916284203529358,1.0,0.9979004859924316,1.0,0.8967641592025757,0.0,6.10962524660863e-05,0.0,0.016659831628203392,1.0,0.9983639121055603,1.0,0.9993509650230408,0.0,0.00020628869242500514,0.0,0.0005355047178454697,1.0,0.9984692931175232,1.0,0.9963263869285583,0.0,0.0009210713324137032,0.0,6.215512257767841e-05,1.0,0.997548520565033,1.0,0.999196469783783,0.0,0.00495887640863657,0.0,6.954632226552349e-06,1.0,0.9942246079444885,1.0,0.988837480545044,0.0,0.027954604476690292,0.0,2.5070312492658786e-09,1.0,0.9813385009765625,1.0,0.9996902942657471,0.0,0.10910633206367493,0.0,1.1542581335177715e-09,1.0,0.9445845484733582,1.0,0.9964936375617981,0.0,0.2523486912250519
AB_CF,ECG5000,358,0,4,0.1111,0.2,0.2,73.4798,10.8066,6.6203,1.0,0.9997249245643616,1.0,0.9995513558387756,1.0,0.5085838437080383,0.0,0.0001409023825544864,1.0,0.9999496936798096,1.0,0.9993532299995422,0.0,0.4229409992694855,0.0,9.548937669023871e-06,1.0,0.9924949407577515,1.0,0.9989343285560608,0.0,0.23074974119663239,0.0,1.220503600052325e-05,1.0,0.9796975255012512,1.0,0.9942604303359985,1.0,0.6881608963012695,0.0,5.382771632866934e-05,0.0,0.4842536449432373,1.0,0.9775707721710205,1.0,0.9865814447402954,0.0,0.0002822662645485252,0.0,0.006016438361257315,1.0,0.942623496055603,1.0,0.9997040629386902,0.0,0.0015948914224281907,0.0,0.0008169436478056014,1.0,0.8896579742431641,1.0,0.9995529055595398,0.0,0.00750021543353796,0.0,3.2100001590151805e-06,1.0,0.8648720979690552,1.0,0.9999555349349976,0.0,0.03100968711078167,0.0,2.427925892334315e-06,1.0,0.8579972386360168,1.0,0.9998346567153931,0.0,0.0981801375746727,0.0,7.374438837359776e-08,1.0,0.8104173541069031,1.0,0.9998254179954529,0.0,0.22612866759300232,0.0,6.726350813140991e-12,1.0,0.748150646686554,1.0,0.9999281167984009,0.0,0.45836353302001953
AB_CF,ECG5000,1160,0,2,0.263,0.2,0.2,95.9222,13.231,4.1518,1.0,0.9998205304145813,1.0,0.9972513318061829,1.0,0.807634174823761,0.0,0.013310017995536327,1.0,0.9999756813049316,1.0,0.9943152070045471,0.0,0.3471112549304962,0.0,0.0017728497041389346,1.0,0.9999910593032837,1.0,0.9970270991325378,0.0,0.027546953409910202,0.0,0.0005754507728852332,1.0,0.9988206028938293,1.0,0.9954493641853333,0.0,0.014717898331582546,0.0,0.0005217589787207544,1.0,0.9686106443405151,1.0,0.9797159433364868,0.0,0.041787903755903244,0.0,0.0004854021826758981,0.0,0.1506357043981552,1.0,0.9073712229728699,0.0,0.003694400889798999,0.0,0.0005065466393716633,0.0,0.0005192704265937209,1.0,0.8497439622879028,0.0,0.0025741364806890488,0.0,0.00032135649234987795,0.0,0.00012119160237489268,1.0,0.823677122592926,0.0,0.0021321650128811598,0.0,0.00018205826927442104,0.0,3.392425787751563e-05,1.0,0.8586056232452393,0.0,0.00013959407806396484,0.0,0.00022192495816852897,0.0,1.9109755555746233e-08,1.0,0.8675581216812134,0.0,0.00039724865928292274,0.0,0.0004893889999948442,0.0,8.619679192634067e-09,1.0,0.8668935298919678,0.0,0.0005977628170512617,0.0,0.0012722006067633629
AB_CF,ECG5000,1613,0,4,0.1118,0.4,0.4,68.8155,9.7422,6.467,1.0,0.9997119307518005,1.0,0.9971871972084045,1.0,0.693776547908783,0.0,0.00023510944447480142,1.0,0.9997243285179138,1.0,0.994945228099823,1.0,0.5406383275985718,0.0,1.6981673979898915e-05,1.0,0.9998179078102112,1.0,0.9954432249069214,0.0,0.32766926288604736,0.0,4.975728188583162e-06,1.0,0.9974437952041626,1.0,0.9952665567398071,1.0,0.9543358087539673,0.0,4.195668680040399e-06,1.0,0.7844812870025635,1.0,0.989244818687439,1.0,0.9875447750091553,0.0,8.87263649929082e-06,0.0,0.05937934294342995,1.0,0.9708441495895386,1.0,0.9943556785583496,0.0,5.606432387139648e-05,0.0,0.003279204713180661,1.0,0.9385608434677124,1.0,0.9948956370353699,0.0,0.0006317711668089032,0.0,8.084512955974787e-06,1.0,0.9074358344078064,1.0,0.9996142387390137,0.0,0.007068736478686333,0.0,7.651170221834036e-07,1.0,0.8205484747886658,1.0,0.9995083808898926,0.0,0.0540989451110363,0.0,2.8776121041573788e-08,1.0,0.6105457544326782,1.0,0.9998008608818054,0.0,0.2442980408668518,0.0,1.8579692451226038e-08,0.0,0.3886381685733795,1.0,0.9994838237762451,1.0,0.5595008134841919
AB_CF,ECG5000,698,0,4,0.1376,0.0,0.0,99.3976,12.8035,5.4389,1.0,0.9999003410339355,1.0,0.9993379712104797,1.0,0.9675211906433105,0.0,5.172071905690245e-05,1.0,0.9999879598617554,1.0,0.9991982579231262,1.0,0.9507678747177124,0.0,4.484219971345738e-06,1.0,0.9999649524688721,1.0,0.9996439218521118,1.0,0.9631056785583496,0.0,3.3715236895659473e-06,1.0,0.9997625946998596,1.0,0.999397873878479,1.0,0.9965826869010925,0.0,1.04623823062866e-05,1.0,0.6094548106193542,1.0,0.9981017708778381,1.0,0.9988784193992615,0.0,5.49602227692958e-05,0.0,0.41880229115486145,1.0,0.9951164722442627,1.0,0.9993122816085815,0.0,0.00041528386645950377,0.0,0.00016519527707714587,1.0,0.9941267967224121,1.0,0.9977254271507263,0.0,0.0026672757230699062,0.0,0.00023440885706804693,1.0,0.9921607375144958,1.0,0.9999182224273682,0.0,0.017031807452440262,0.0,1.1764542250602972e-05,1.0,0.9887718558311462,1.0,0.999017596244812,0.0,0.09071249514818192,0.0,2.4653878938352136e-08,1.0,0.9829097390174866,1.0,0.999990701675415,0.0,0.2846916615962982,0.0,4.140603138136356e-11,1.0,0.9687678217887878,1.0,0.9999933242797852,1.0,0.4991943836212158
AB_CF,ECG5000,2434,0,4,0.1268,0.0071,0.0,85.0647,12.1666,4.0144,1.0,0.9993900060653687,1.0,0.9980353713035583,1.0,0.9675211906433105,0.0,5.172071905690245e-05,1.0,0.9994192123413086,1.0,0.9972048401832581,1.0,0.8753801584243774,0.0,4.484219971345738e-06,1.0,0.9998893737792969,1.0,0.9987993240356445,1.0,0.953335165977478,0.0,3.3715236895659473e-06,1.0,0.9832814335823059,1.0,0.9979286193847656,1.0,0.9726576209068298,0.0,1.04623823062866e-05,0.0,0.42637181282043457,1.0,0.9962064027786255,1.0,0.9980048537254333,0.0,5.49602227692958e-05,0.0,0.07196740061044693,1.0,0.9956825971603394,1.0,0.9999644756317139,0.0,0.00041528386645950377,0.0,4.2360712541267276e-05,1.0,0.9934430122375488,1.0,0.9999861717224121,0.0,0.0026672757230699062,0.0,3.207586814824026e-06,1.0,0.9837554693222046,1.0,0.9999631643295288,0.0,0.017031807452440262,0.0,5.378696599223076e-08,1.0,0.9339759945869446,1.0,0.9999902248382568,0.0,0.09071249514818192,0.0,1.854423601344024e-07,1.0,0.7263712882995605,1.0,0.9998689889907837,0.0,0.2846916615962982,0.0,2.8834069354388703e-08,0.0,0.41485595703125,1.0,0.999988317489624,1.0,0.4991943836212158
AB_CF,ECG5000,2058,0,3,0.403,0.2071,0.2,64.7018,7.6486,3.1462,1.0,0.9996833801269531,1.0,0.9984573125839233,1.0,0.5515782833099365,0.0,0.0025072512216866016,1.0,0.9999189376831055,1.0,0.9795803427696228,0.0,0.010011947713792324,0.0,0.00071721151471138,1.0,0.9994137287139893,1.0,0.9688151478767395,0.0,0.00029989919858053327,0.0,0.00015130898100323975,1.0,0.9872536063194275,1.0,0.9001986980438232,0.0,8.462866389891133e-05,0.0,4.591590550262481e-05,0.0,0.3509449064731598,1.0,0.6897063255310059,0.0,0.00015319642261601985,0.0,2.6179865017184056e-05,0.0,0.13595832884311676,1.0,0.7069804072380066,0.0,1.2503884136094712e-05,0.0,1.7145965102827176e-05,0.0,0.00022550817811861634,1.0,0.8645614385604858,0.0,2.2467819604798933e-08,0.0,1.0657267011993099e-05,0.0,9.05653166682896e-07,1.0,0.9207635521888733,0.0,8.81204176295114e-09,0.0,6.9633520070055965e-06,0.0,1.972039854081231e-06,1.0,0.9515012502670288,0.0,2.683388402147102e-06,0.0,6.916719939908944e-06,0.0,5.494651844628606e-09,1.0,0.9464341998100281,0.0,8.454999367302207e-09,0.0,9.204368325299583e-06,0.0,3.3530704879325413e-09,1.0,0.9269120693206787,0.0,4.233181027935018e-10,0.0,1.666296157054603e-05
AB_CF,ECG5000,2877,1,3,0.3702,0.8,0.8,15.2497,3.5477,1.6438,1.0,0.5895576477050781,0.0,0.001987611409276724,1.0,0.648313581943512,0.0,0.02999715693295002,1.0,0.45588916540145874,0.0,5.303255420585629e-06,1.0,0.5385259985923767,0.0,0.04797958955168724,0.0,0.39159467816352844,0.0,4.869225904258201e-06,0.0,0.08901625871658325,0.0,0.002974483883008361,1.0,0.8324761390686035,0.0,1.5046815860841889e-05,0.0,0.01558054517954588,0.0,0.0002984573948197067,1.0,0.9348589181900024,0.0,0.00019560656801331788,0.0,0.0015715082408860326,0.0,0.0001277350529562682,1.0,0.6367940902709961,0.0,0.0016839380841702223,0.0,0.005104165058583021,0.0,0.00011773486767197028,0.0,0.12992741167545319,0.0,0.010943624190986156,0.0,0.00015388522297143936,0.0,0.00016275528469122946,0.0,0.04605570435523987,0.0,0.03634972125291824,0.0,1.549750663798477e-06,0.0,0.00022147782146930695,0.0,0.0002108505432261154,0.0,0.060246434062719345,0.0,6.426777872547973e-06,0.0,0.00022638808877673,0.0,0.004689131397753954,0.0,0.0819999948143959,0.0,1.7608523421586142e-06,0.0,0.00020345054508652538,0.0,0.0004509911814238876,0.0,0.09331418573856354,0.0,3.176009499838983e-07,0.0,0.0001983352703973651
AB_CF,ECG5000,300,0,3,0.3863,0.4,0.4,44.4958,6.0031,2.5001,1.0,0.9998027682304382,1.0,0.9986078143119812,1.0,0.6469249725341797,0.0,0.02279454842209816,1.0,0.9998708963394165,1.0,0.9943484663963318,0.0,0.09386986494064331,0.0,0.0007303043967112899,1.0,0.9999175071716309,1.0,0.9875549674034119,0.0,0.00013765554467681795,0.0,5.378790956456214e-05,1.0,0.9989566802978516,1.0,0.9604027271270752,0.0,8.654649718664587e-06,0.0,3.429976641200483e-05,1.0,0.5307492017745972,1.0,0.9298272728919983,0.0,3.0964820325607434e-05,0.0,4.0431248635286465e-05,0.0,0.06706320494413376,1.0,0.9156489372253418,0.0,0.00018160870240535587,0.0,4.4313681428320706e-05,0.0,9.846009925240651e-05,1.0,0.9255422949790955,0.0,2.5497696697129868e-05,0.0,4.8763151426101103e-05,0.0,1.9531449652276933e-05,1.0,0.9336594343185425,0.0,8.930686590247205e-08,0.0,7.199266110546887e-05,0.0,3.622042186179897e-07,1.0,0.9176552891731262,0.0,6.080905023964078e-08,0.0,0.00013633705384563655,0.0,1.540757352813671e-07,1.0,0.8592283725738525,0.0,3.256215563851583e-08,0.0,0.0002287617971887812,0.0,1.888677214623158e-09,1.0,0.736480712890625,0.0,3.2814456707441764e-10,0.0,0.0003173296572640538
AB_CF,ECG5000,4094,1,3,0.423,0.4,0.4,39.1591,5.6458,2.5846,1.0,0.9759213328361511,0.0,0.10327022522687912,1.0,0.44087156653404236,0.0,0.0022932933643460274,1.0,0.8609145879745483,0.0,0.0005106173339299858,1.0,0.49442434310913086,0.0,0.00038095188210718334,1.0,0.9466066956520081,0.0,1.087088185158791e-05,0.0,0.14247839152812958,0.0,4.666042514145374e-05,1.0,0.7207192778587341,0.0,1.5773775885463692e-06,0.0,0.09414319694042206,0.0,2.8903170459670946e-05,1.0,0.6849388480186462,0.0,9.65683170761622e-07,0.0,0.022364938631653786,0.0,4.012667704955675e-05,0.0,0.10913828015327454,0.0,2.3519010028394405e-06,0.0,0.004356971941888332,0.0,3.44848886015825e-05,0.0,0.01590036414563656,0.0,9.356947884953115e-06,0.0,0.0009907465428113937,0.0,3.1339764973381534e-05,1.0,0.9531978368759155,0.0,3.925928467651829e-05,0.0,0.0002983877493534237,0.0,3.7959533074172214e-05,0.0,0.2428329437971115,0.0,0.00010962316446239129,0.0,1.128647545556305e-05,0.0,5.377248817239888e-05,0.0,0.003291844855993986,0.0,0.0002014029014389962,0.0,7.908040970505681e-06,0.0,6.973548443056643e-05,0.0,0.059546712785959244,0.0,0.00024494188255630434,0.0,3.129214746877551e-06,0.0,7.678171823499724e-05
AB_CF,ECG5000,1748,0,1,3.0717,0.1,0.1,94.9608,9.5139,4.6707,1.0,0.9416677355766296,1.0,0.9999071359634399,1.0,0.6688954830169678,0.0,0.4182232618331909,1.0,0.9975983500480652,1.0,0.9996968507766724,1.0,0.6987411975860596,0.0,0.015372834168374538,1.0,0.9969133138656616,1.0,0.9998961687088013,0.0,0.003122391179203987,0.0,0.0018256667535752058,1.0,0.9765211939811707,1.0,0.9999028444290161,0.0,0.0005962990107946098,0.0,0.00019576851627789438,0.0,0.18641074001789093,1.0,0.9996514320373535,0.0,0.012636542320251465,0.0,1.3507146832125727e-05,0.0,0.008464943617582321,1.0,0.997127115726471,0.0,0.0003993916616309434,0.0,9.499600309936795e-06,0.0,0.00036931890645064414,1.0,0.9763565063476562,0.0,0.0005071156192570925,0.0,5.0670660129981115e-05,0.0,4.67069321530289e-06,1.0,0.876041054725647,0.0,0.00023441739904228598,0.0,0.00041770184179767966,0.0,7.397954391308303e-07,1.0,0.6365457773208618,0.0,6.283840320975287e-06,0.0,0.002782289870083332,0.0,5.233384392511198e-09,0.0,0.3295231759548187,0.0,0.00016593359760008752,0.0,0.012450603768229485,0.0,1.525199411211986e-10,0.0,0.16829299926757812,0.0,9.3404732979252e-06,0.0,0.023000629618763924
AB_CF,ECG5000,207,0,4,0.1103,0.5,0.5,58.8472,9.3293,6.3767,1.0,0.999267041683197,1.0,0.9992724061012268,1.0,0.853361189365387,0.0,0.00017161805590149015,1.0,0.9999186992645264,1.0,0.9975824356079102,1.0,0.7777725458145142,0.0,3.115854269708507e-05,1.0,0.9994888305664062,1.0,0.9979451298713684,1.0,0.6294806003570557,0.0,8.99980113899801e-06,1.0,0.9961646795272827,1.0,0.9962073564529419,1.0,0.875070333480835,0.0,6.70525832902058e-06,0.0,0.21543952822685242,1.0,0.9886817932128906,1.0,0.9868326187133789,0.0,1.204818363476079e-05,0.0,0.18548865616321564,1.0,0.9591972827911377,1.0,0.9934558272361755,0.0,5.0910533900605515e-05,0.0,0.0015041102888062596,1.0,0.931677520275116,1.0,0.9994487166404724,0.0,0.0003411400830373168,0.0,6.185000529512763e-07,1.0,0.9193730354309082,1.0,0.9998973608016968,0.0,0.0023092329502105713,0.0,3.3547017665114254e-05,1.0,0.8788750767707825,1.0,0.998262345790863,0.0,0.011051390320062637,0.0,5.341413089610114e-09,1.0,0.831075131893158,1.0,0.9997555613517761,0.0,0.037216514348983765,0.0,2.497732465300828e-09,1.0,0.7672439217567444,1.0,0.9996153116226196,0.0,0.0936712697148323
AB_CF,ECG5000,261,0,4,0.1084,0.6,0.6,44.8423,8.2633,6.1646,1.0,0.999902606010437,1.0,0.9975760579109192,1.0,0.4547625482082367,0.0,0.0002557143452577293,1.0,0.9999451637268066,1.0,0.9906128644943237,1.0,0.5686982870101929,0.0,0.00013286041212268174,1.0,0.9999743700027466,1.0,0.9954889416694641,0.0,0.1462203711271286,0.0,8.747845276957378e-05,1.0,0.9984865188598633,1.0,0.9960220456123352,1.0,0.7915040254592896,0.0,0.00025338277919217944,1.0,0.8040208220481873,1.0,0.9921585321426392,1.0,0.984775960445404,0.0,0.0013126590056344867,0.0,0.00707631791010499,1.0,0.983248233795166,1.0,0.9987550973892212,0.0,0.005288771353662014,0.0,0.002936507575213909,1.0,0.9696802496910095,1.0,0.9929971098899841,0.0,0.015114029869437218,0.0,0.00020387113909237087,1.0,0.9562799334526062,1.0,0.9998308420181274,0.0,0.04651472717523575,0.0,1.9822350623144303e-06,1.0,0.9403961300849915,1.0,0.9994814991950989,0.0,0.11123305559158325,0.0,2.4410204968461358e-09,1.0,0.9151626825332642,1.0,0.9999395608901978,0.0,0.1721324622631073,0.0,1.3440196178216013e-10,1.0,0.8594573736190796,1.0,0.9999569654464722,0.0,0.2086460143327713
AB_CF,ECG5000,1191,0,4,0.1367,0.2,0.2,80.3068,12.2022,5.6662,1.0,0.9968245029449463,1.0,0.9989593029022217,1.0,0.8643802404403687,0.0,0.0016874693101271987,1.0,0.9991853833198547,1.0,0.9987277388572693,1.0,0.955565333366394,0.0,0.002722947858273983,1.0,0.9989446997642517,1.0,0.9993354678153992,1.0,0.9598320722579956,0.0,0.0021989967208355665,1.0,0.9702237844467163,1.0,0.9989699125289917,1.0,0.9875147342681885,0.0,0.0038922978565096855,0.0,0.07282915711402893,1.0,0.9973101615905762,1.0,0.9994088411331177,0.0,0.010705436579883099,0.0,0.02617066726088524,1.0,0.993171215057373,1.0,0.9977188110351562,0.0,0.03222542628645897,0.0,0.00011505354632390663,1.0,0.9835467338562012,1.0,0.9995033740997314,0.0,0.0651814267039299,0.0,1.1162527698616032e-05,1.0,0.9596290588378906,1.0,0.9999402761459351,0.0,0.10341478139162064,0.0,3.2726578069741663e-07,1.0,0.9116485714912415,1.0,0.9995717406272888,0.0,0.161952406167984,0.0,1.5711221124092845e-07,1.0,0.801896333694458,1.0,0.9995978474617004,0.0,0.24908502399921417,0.0,6.2580425286284935e-09,1.0,0.6135966181755066,1.0,0.9999865293502808,0.0,0.41623297333717346
AB_CF,ECG5000,2266,0,3,0.4444,0.0,0.0,90.7345,9.8058,3.8601,1.0,0.9997883439064026,1.0,0.9993546605110168,1.0,0.8328861594200134,0.0,0.0728360265493393,1.0,0.9997628331184387,1.0,0.9981943964958191,1.0,0.46487170457839966,0.0,0.03815615177154541,1.0,0.9996774196624756,1.0,0.9967508316040039,0.0,4.319385334383696e-05,0.0,0.0111934719607234,1.0,0.9849057793617249,1.0,0.9883347749710083,0.0,0.000382156838895753,0.0,0.00840908195823431,0.0,0.27101677656173706,1.0,0.9652029871940613,0.0,0.0001254441449418664,0.0,0.010613581165671349,0.0,0.035835813730955124,1.0,0.9347063302993774,0.0,0.0005411042948253453,0.0,0.006202910095453262,0.0,0.00017209784709848464,1.0,0.8796159625053406,0.0,5.638606808133773e-07,0.0,0.0017976518720388412,0.0,1.226789549946261e-06,1.0,0.7633318901062012,0.0,2.554661705289618e-06,0.0,0.0007131681777536869,0.0,1.435706053598551e-06,1.0,0.6105974316596985,0.0,1.626234613638644e-08,0.0,0.0005578779382631183,0.0,4.334150371931855e-09,1.0,0.4802395701408386,0.0,1.980105679422195e-08,0.0,0.0006854713428765535,0.0,4.551818832965182e-08,1.0,0.39375901222229004,0.0,5.651257239946972e-09,0.0,0.0010767566272988915
AB_CF,ECG5000,3309,1,3,0.4145,0.3,0.3,21.4151,2.4989,1.3904,1.0,0.6311948299407959,0.0,0.00432680593803525,1.0,0.5780386924743652,0.0,0.03324848413467407,1.0,0.788830041885376,0.0,0.002366446889936924,0.0,0.3300291895866394,0.0,0.06000150367617607,0.0,0.24487487971782684,0.0,0.0012029425706714392,0.0,0.008507262915372849,0.0,0.05649525299668312,0.0,0.09731561690568924,0.0,0.0015947002684697509,0.0,0.0005829591536894441,0.0,0.012860506772994995,0.0,0.01898466981947422,0.0,0.002487140242010355,0.0,5.330028579919599e-05,0.0,0.0024146507494151592,0.0,0.0001339226437266916,0.0,0.005831148941069841,0.0,2.1658574951288756e-06,0.0,0.0009822730207815766,0.0,5.963016883470118e-05,0.0,0.019149620085954666,0.0,8.04200772108743e-06,0.0,0.000982313184067607,0.0,2.579487727416563e-06,0.0,0.05986744537949562,0.0,2.1627288049330673e-07,0.0,0.0013528482522815466,0.0,5.73131046621711e-06,0.0,0.1219429075717926,0.0,3.4259930004054695e-08,0.0,0.0018172593554481864,0.0,1.8607406673254445e-05,0.0,0.1458042860031128,0.0,5.699892224875214e-10,0.0,0.0018659495981410146,0.0,3.5031303013965953e-06,0.0,0.14032526314258575,0.0,2.667209335338594e-11,0.0,0.001482760184444487
AB_CF,ECG5000,2109,0,4,0.1618,0.0,0.0,80.7532,11.6981,4.6266,1.0,0.9996941089630127,1.0,0.9985944628715515,1.0,0.9675211906433105,0.0,5.172071905690245e-05,1.0,0.9999542236328125,1.0,0.9977325201034546,1.0,0.9452363848686218,0.0,4.484219971345738e-06,1.0,0.9999915361404419,1.0,0.9973303079605103,1.0,0.9181765913963318,0.0,3.3715236895659473e-06,1.0,0.999760091304779,1.0,0.9929720759391785,1.0,0.9946611523628235,0.0,1.04623823062866e-05,1.0,0.9408590197563171,1.0,0.9797217845916748,1.0,0.9997560381889343,0.0,5.49602227692958e-05,0.0,0.014391862787306309,1.0,0.9727185368537903,1.0,0.9999343156814575,0.0,0.00041528386645950377,0.0,6.358186510624364e-05,1.0,0.9736888408660889,1.0,0.9988462924957275,0.0,0.0026672757230699062,0.0,6.250657406781102e-06,1.0,0.948841392993927,1.0,0.9966212511062622,0.0,0.017031807452440262,0.0,3.744009688944061e-07,1.0,0.824785590171814,1.0,0.9999450445175171,0.0,0.09071249514818192,0.0,6.32953629065014e-07,1.0,0.5452123880386353,1.0,0.997831404209137,0.0,0.2846916615962982,0.0,4.0546268564867205e-09,0.0,0.2551060616970062,1.0,0.9999911785125732,1.0,0.4991943836212158
AB_CF,ECG5000,2047,0,3,0.4562,0.0,0.0,86.5873,10.2764,6.4938,1.0,0.9593406319618225,1.0,0.9966062307357788,1.0,0.8328861594200134,0.0,0.0728360265493393,1.0,0.9980660080909729,1.0,0.9967124462127686,1.0,0.4699787199497223,0.0,0.03815615177154541,1.0,0.9998158812522888,1.0,0.9982043504714966,0.0,2.36201176448958e-05,0.0,0.0111934719607234,1.0,0.9878701567649841,1.0,0.9988192915916443,0.0,0.0004873761790804565,0.0,0.00840908195823431,1.0,0.8690083622932434,1.0,0.9992237091064453,0.0,0.00013193237828090787,0.0,0.010613581165671349,0.0,0.11070390790700912,1.0,0.9994052648544312,0.0,2.2476748199551366e-05,0.0,0.006202910095453262,0.0,0.00031973974546417594,1.0,0.9990631937980652,0.0,1.0449276999224821e-07,0.0,0.0017976518720388412,0.0,8.740128578210715e-06,1.0,0.9974310994148254,0.0,2.9144484869902954e-06,0.0,0.0007131681777536869,0.0,0.00011844528489746153,1.0,0.9918215870857239,0.0,4.73766334607717e-07,0.0,0.0005578779382631183,0.0,7.817874347892939e-08,1.0,0.9804271459579468,0.0,1.5332012992530508e-08,0.0,0.0006854713428765535,0.0,5.818319603889677e-09,1.0,0.9633861780166626,0.0,2.7846621009075534e-08,0.0,0.0010767566272988915
AB_CF,ECG5000,2899,1,3,0.4183,0.2,0.2,54.8038,7.127,3.9437,1.0,0.9979183077812195,0.0,0.3940606713294983,1.0,0.5663244724273682,0.0,0.0013405107893049717,1.0,0.9070240259170532,0.0,0.08486751466989517,1.0,0.6006906628608704,0.0,0.0052251932211220264,0.0,0.3767790198326111,0.0,0.014557707123458385,0.0,0.11325302720069885,0.0,0.007551813498139381,0.0,0.17888368666172028,0.0,0.0023336252197623253,0.0,0.06774848699569702,0.0,0.003646314376965165,0.0,0.09383922815322876,0.0,0.00033105595503002405,0.0,0.010345997288823128,0.0,0.0010681373532861471,1.0,0.7557348608970642,0.0,0.00021395708608906716,0.0,0.0006829124758951366,0.0,0.00044362444896250963,0.0,0.0034012841060757637,0.0,0.0003459157014731318,0.0,9.105772187467664e-05,0.0,0.0003555137082003057,0.0,0.02476692944765091,0.0,0.0006191874854266644,0.0,3.181953070452437e-05,0.0,0.0003904296609107405,0.0,0.0032534366473555565,0.0,0.0012017849367111921,0.0,1.4192907656251919e-05,0.0,0.0004713119415100664,0.0,8.272305421996862e-06,0.0,0.0021274995524436235,0.0,2.0633682652260177e-05,0.0,0.00047187224845401943,0.0,0.00037414106191135943,0.0,0.0022693430073559284,0.0,8.130090378699606e-09,0.0,0.0003996443119831383
AB_CF,ECG5000,700,0,3,0.3932,0.5071,0.5,43.8307,6.4491,2.6494,1.0,0.9995785355567932,1.0,0.9994157552719116,1.0,0.6621649861335754,0.0,0.008029491640627384,1.0,0.9998977184295654,1.0,0.9994707703590393,0.0,0.013401028700172901,0.0,0.0007730836514383554,1.0,0.9999086856842041,1.0,0.9995591044425964,0.0,0.0032139259856194258,0.0,6.69766595819965e-05,1.0,0.9959986209869385,1.0,0.999279797077179,0.0,5.52324163436424e-05,0.0,1.1386702681193128e-05,1.0,0.5121962428092957,1.0,0.9984633922576904,0.0,0.00010946430847980082,0.0,4.6711365939700045e-06,0.0,0.01689230091869831,1.0,0.9954575300216675,0.0,0.00023254471307154745,0.0,2.831459823937621e-06,0.0,6.340094114420936e-05,1.0,0.986244261264801,0.0,4.785416649610852e-07,0.0,2.2802146304456983e-06,0.0,5.8348716265754774e-05,1.0,0.9694622755050659,0.0,5.015625447413186e-06,0.0,2.3631309886695817e-06,0.0,9.116102432926709e-07,1.0,0.9525589942932129,0.0,9.733738259853908e-09,0.0,4.2709289118647575e-06,0.0,2.546893028920749e-06,1.0,0.902401328086853,0.0,1.6579518202775034e-08,0.0,7.858923709136434e-06,0.0,9.36501365345066e-09,1.0,0.7695556282997131,0.0,2.8520782957563995e-10,0.0,1.3490021046891343e-05
AB_CF,ECG5000,1548,0,2,0.2605,0.1,0.1,104.8271,13.7373,5.6543,1.0,0.9995924830436707,1.0,0.9994716048240662,1.0,0.811876118183136,0.0,0.007747134193778038,1.0,0.9999240636825562,1.0,0.9982112646102905,0.0,0.30162179470062256,0.0,0.0010284684831276536,1.0,0.9998866319656372,1.0,0.9972121119499207,0.0,0.04125349596142769,0.0,0.0002956193930003792,1.0,0.9839586019515991,1.0,0.9886749982833862,0.0,0.03355083242058754,0.0,0.0001972446625586599,0.0,0.4266416132450104,1.0,0.9271382689476013,0.0,0.0034729260951280594,0.0,0.00015601792256347835,0.0,0.13828535377979279,1.0,0.7786650061607361,0.0,0.0021868455223739147,0.0,9.17621364351362e-05,0.0,0.0021646684035658836,1.0,0.689483106136322,0.0,0.001014804933220148,0.0,4.6377594117075205e-05,0.0,3.146807284792885e-05,1.0,0.6256096959114075,0.0,0.0008497349335812032,0.0,3.501799801597372e-05,0.0,3.6967819028177473e-07,1.0,0.5148119926452637,0.0,8.14914092188701e-05,0.0,5.8308734878664836e-05,0.0,5.163205685221328e-08,0.0,0.42883074283599854,0.0,0.00022528221597895026,0.0,0.00016454252181574702,0.0,3.34277439062447e-10,0.0,0.3561713993549347,0.0,0.001044030417688191,0.0,0.0005630147061310709
AB_CF,ECG5000,1449,0,4,0.1227,0.1071,0.1,71.5984,10.9211,3.7552,1.0,0.9960506558418274,1.0,0.9970658421516418,1.0,0.9624726176261902,0.0,1.7343061699648388e-05,1.0,0.9997987151145935,1.0,0.9645830988883972,1.0,0.9323737621307373,0.0,3.645453716671909e-06,1.0,0.9971473813056946,1.0,0.9807151556015015,1.0,0.9444486498832703,0.0,7.980767804838251e-06,1.0,0.8960181474685669,1.0,0.9911483526229858,1.0,0.9803915023803711,0.0,7.994041516212747e-05,0.0,0.08343363553285599,1.0,0.9933294057846069,1.0,0.997453510761261,0.0,0.002168792998418212,0.0,0.0007966285920701921,1.0,0.9926115870475769,1.0,0.9996626377105713,0.0,0.026173247024416924,0.0,1.1843690117530059e-05,1.0,0.9827060699462891,1.0,0.9999653100967407,0.0,0.09957686066627502,0.0,5.559245437325444e-06,1.0,0.9313493967056274,1.0,0.9999685287475586,0.0,0.20190250873565674,0.0,6.873506919191641e-08,1.0,0.7208050489425659,1.0,0.8516808152198792,0.0,0.29719042778015137,0.0,8.698930464845489e-09,0.0,0.3237422704696655,1.0,0.9999974966049194,0.0,0.38111749291419983,0.0,9.839701753042163e-13,0.0,0.13290387392044067,1.0,0.9999725818634033,1.0,0.4636309742927551
AB_CF,ECG5000,1384,0,2,0.2727,0.1,0.1,100.7862,13.1585,6.0142,1.0,0.9999655485153198,1.0,0.9967643022537231,1.0,0.8860608339309692,0.0,0.007747134193778038,1.0,0.9999973773956299,1.0,0.993374764919281,0.0,0.29345425963401794,0.0,0.0011695969151332974,1.0,0.9999949932098389,1.0,0.9971099495887756,0.0,0.04006405919790268,0.0,0.00036285596434026957,1.0,0.9997928738594055,1.0,0.9970398545265198,0.0,0.01974477246403694,0.0,0.0002969027846120298,1.0,0.9567375779151917,1.0,0.9936861395835876,0.0,0.004540422465652227,0.0,0.0003057101566810161,0.0,0.007525749038904905,1.0,0.9810662269592285,0.0,0.004239597357809544,0.0,0.00032793800346553326,0.0,0.004988335072994232,1.0,0.955424964427948,0.0,0.007300807163119316,0.0,0.00017022292013280094,0.0,1.7287686659983592e-06,1.0,0.9050418138504028,0.0,0.0007969839498400688,0.0,5.687469456461258e-05,0.0,2.5540955448377645e-06,1.0,0.8646893501281738,0.0,0.00014227443898562342,0.0,3.616296817199327e-05,0.0,5.907264721827232e-08,1.0,0.8758797645568848,0.0,0.0005957238608971238,0.0,4.857015301240608e-05,0.0,5.37703492842212e-10,1.0,0.927412748336792,0.0,0.001511682872660458,0.0,0.00010519361967453733
AB_CF,ECG5000,1341,0,2,0.2482,0.3,0.3,90.9187,12.335,4.2116,1.0,0.9996205568313599,1.0,0.9962598085403442,1.0,0.552242636680603,0.0,0.00011743080540327355,1.0,0.9998914003372192,1.0,0.9815037250518799,0.0,0.24472962319850922,0.0,3.835527604678646e-05,1.0,0.9998455047607422,1.0,0.9886929392814636,0.0,0.04629605636000633,0.0,1.2731768038065638e-05,1.0,0.9543219208717346,1.0,0.9840348958969116,0.0,0.018894821405410767,0.0,9.583960490999743e-06,1.0,0.9563692212104797,1.0,0.9541525840759277,0.0,0.012045360170304775,0.0,1.0555012522672769e-05,1.0,0.6417927742004395,1.0,0.8781722784042358,0.0,0.00591815821826458,0.0,1.189233717013849e-05,0.0,0.0002196619170717895,1.0,0.761114776134491,0.0,0.00021728299907408655,0.0,1.1662697943393141e-05,0.0,8.050131327763665e-06,1.0,0.6968132853507996,0.0,0.0005158259882591665,0.0,1.1046550753235351e-05,0.0,4.246593334755744e-07,1.0,0.6776908040046692,0.0,0.0008528748876415193,0.0,1.8354034182266332e-05,0.0,7.343973607021326e-07,1.0,0.6973459124565125,0.0,0.0004258800472598523,0.0,4.8563979362370446e-05,0.0,5.354061638485064e-09,1.0,0.69123774766922,0.0,0.0005720600602217019,0.0,0.00014040384849067777
AB_CF,ECG5000,148,0,4,0.1163,0.3,0.3,83.5058,10.756,6.6733,1.0,0.9999630451202393,1.0,0.9963393211364746,1.0,0.4913561940193176,0.0,8.022991823963821e-05,1.0,0.9999910593032837,1.0,0.9154304265975952,1.0,0.6260721683502197,0.0,5.619149305857718e-06,1.0,0.999789297580719,1.0,0.7290730476379395,0.0,0.3636191785335541,0.0,3.0118253562250175e-06,1.0,0.9984637498855591,0.0,0.3319146931171417,1.0,0.9515806436538696,0.0,6.614781796088209e-06,1.0,0.789461076259613,0.0,0.0978999212384224,1.0,0.9785730242729187,0.0,2.9206126782810315e-05,1.0,0.7468605041503906,0.0,0.0667269304394722,1.0,0.9710248708724976,0.0,0.00024206851958297193,0.0,0.0004836602893192321,0.0,0.057025376707315445,1.0,0.9990215301513672,0.0,0.0017404718091711402,0.0,6.80090533933253e-06,0.0,0.055761221796274185,1.0,0.9999418258666992,0.0,0.0074266414158046246,0.0,2.468205764216691e-07,0.0,0.06959268450737,1.0,0.9997367262840271,0.0,0.021932978183031082,0.0,1.5166516931230944e-08,0.0,0.11442644149065018,1.0,0.9998955726623535,0.0,0.060761548578739166,0.0,2.5073168541389634e-10,0.0,0.21057367324829102,1.0,0.9998075366020203,0.0,0.1574202924966812
AB_CF,ECG5000,301,0,3,0.4103,0.4,0.4,59.6239,8.7324,4.3156,1.0,0.999302864074707,1.0,0.9980131387710571,1.0,0.40552958846092224,0.0,0.002052226336672902,1.0,0.9996801614761353,1.0,0.9962393045425415,0.0,0.037582170218229294,0.0,0.0002513650106266141,1.0,0.9999459981918335,1.0,0.9965623021125793,0.0,8.275203981611412e-06,0.0,1.4378752894117497e-05,1.0,0.9913855791091919,1.0,0.9904254078865051,0.0,0.00013986905105412006,0.0,2.209933882113546e-06,1.0,0.6301965713500977,1.0,0.9702825546264648,0.0,0.00012597988825291395,0.0,1.4254119378165342e-06,0.0,0.06860624998807907,1.0,0.9656327366828918,0.0,4.328667637309991e-05,0.0,1.7269119325646898e-06,0.0,0.00011337992327753454,1.0,0.9759172797203064,0.0,5.588236717812833e-07,0.0,2.0605809822882293e-06,0.0,8.022962720133364e-05,1.0,0.9653747081756592,0.0,6.032325927662896e-06,0.0,3.668973249659757e-06,0.0,6.393636340362718e-06,1.0,0.9087353944778442,0.0,2.6924604767941673e-09,0.0,8.47175033413805e-06,0.0,2.8359936621313864e-08,1.0,0.6984438896179199,0.0,6.975058308711368e-10,0.0,1.8458589693182148e-05,0.0,2.870811366406656e-10,0.0,0.35358408093452454,0.0,6.032760513363655e-09,0.0,3.0656883609481156e-05
AB_CF,ECG5000,1048,0,4,0.1023,0.5,0.5,43.1224,6.533,4.3771,1.0,0.9995784163475037,1.0,0.9994955062866211,1.0,0.6052157878875732,0.0,0.00019804674957413226,1.0,0.9995614886283875,1.0,0.9949585795402527,1.0,0.5187898278236389,0.0,1.4009133337822277e-05,1.0,0.9985313415527344,1.0,0.9936204552650452,1.0,0.5324217677116394,0.0,8.731166417419445e-06,1.0,0.9139915704727173,1.0,0.9932189583778381,1.0,0.5721517205238342,0.0,2.1515495973289944e-05,0.0,0.01374985184520483,1.0,0.9883404970169067,1.0,0.859735369682312,0.0,0.00011458354856586084,0.0,0.005237534176558256,1.0,0.9771247506141663,1.0,0.9960635304450989,0.0,0.0007432904676534235,0.0,0.00017375561583321542,1.0,0.9520110487937927,1.0,0.9995098114013672,0.0,0.00430002436041832,0.0,2.251152636745246e-06,1.0,0.8905757069587708,1.0,0.9985128045082092,0.0,0.019551750272512436,0.0,1.4054793950890598e-07,1.0,0.7735568284988403,1.0,0.9999426603317261,0.0,0.056866809725761414,0.0,8.108149245344975e-07,1.0,0.6143641471862793,1.0,0.9893479347229004,0.0,0.11074545234441757,0.0,5.743209907649316e-09,1.0,0.4382467567920685,1.0,0.9999186992645264,0.0,0.17902715504169464
AB_CF,ECG5000,2354,0,3,0.4027,0.3,0.3,46.0678,5.2161,2.1079,1.0,0.9999085664749146,1.0,0.9977694749832153,1.0,0.60898756980896,0.0,0.029861053451895714,1.0,0.9999852180480957,1.0,0.9837709665298462,0.0,0.1278047412633896,0.0,0.0009878184646368027,1.0,0.9997089505195618,1.0,0.991898775100708,0.0,1.6750525901443325e-05,0.0,0.00014509493485093117,1.0,0.9969978332519531,1.0,0.9899716377258301,0.0,0.00023054677876643836,0.0,0.00015339652600232512,1.0,0.7656618356704712,1.0,0.9838505387306213,0.0,1.7995631424128078e-05,0.0,0.0002976519463118166,0.0,0.42738017439842224,1.0,0.9679465293884277,0.0,4.148835796513595e-05,0.0,0.0008054646896198392,0.0,0.018357975408434868,1.0,0.950637936592102,0.0,3.263678081566468e-06,0.0,0.0017302152700722218,0.0,9.324106213171035e-05,1.0,0.9378718137741089,0.0,9.280154699808918e-06,0.0,0.002357180928811431,0.0,9.438149390916806e-06,1.0,0.9217497110366821,0.0,7.498319121168606e-08,0.0,0.002140926430001855,0.0,2.0315160327299964e-06,1.0,0.9037056565284729,0.0,1.0332266597856687e-08,0.0,0.0016911859856918454,0.0,5.736339181439121e-10,1.0,0.8990322947502136,0.0,2.7209734465571955e-10,0.0,0.0012616495369002223
AB_CF,ECG5000,480,0,2,0.3105,0.3,0.3,91.1444,12.8322,6.2662,1.0,0.9999706745147705,1.0,0.9853323101997375,1.0,0.48961368203163147,0.0,3.9264021324925125e-05,1.0,0.9999946355819702,1.0,0.938428521156311,0.0,0.2614971399307251,0.0,9.243131898983847e-06,1.0,0.9999914169311523,1.0,0.9703404903411865,0.0,0.0086867930367589,0.0,2.7534301807463635e-06,1.0,0.9985263347625732,1.0,0.9520729184150696,0.0,0.0339379645884037,0.0,2.255015942864702e-06,0.0,0.4409545660018921,1.0,0.8704519271850586,0.0,0.020148536190390587,0.0,3.350526412759791e-06,1.0,0.5955372452735901,1.0,0.8186207413673401,0.0,0.002550362842157483,0.0,4.34900721302256e-06,0.0,0.003379426896572113,1.0,0.7677172422409058,0.0,0.0005396800115704536,0.0,4.564108166960068e-06,0.0,3.605230085668154e-05,1.0,0.6559611558914185,0.0,0.0003912768152076751,0.0,7.480997737729922e-06,0.0,1.295472173978851e-07,1.0,0.5346250534057617,0.0,0.0004089632711838931,0.0,2.399978620815091e-05,0.0,8.65776019054465e-06,1.0,0.5242617726325989,0.0,0.0010879383189603686,0.0,8.209608495235443e-05,0.0,6.281120512596772e-09,1.0,0.6333343386650085,0.0,0.00229714740999043,0.0,0.00025641010142862797
AB_CF,ECG5000,1884,0,2,0.2447,0.4,0.4,83.6612,12.5352,7.7772,1.0,0.999977707862854,1.0,0.9913910627365112,1.0,0.6666560769081116,0.0,0.007403471041470766,1.0,0.999997615814209,1.0,0.9679616093635559,0.0,0.1595628410577774,0.0,0.000890915805939585,1.0,0.9999866485595703,1.0,0.9757217764854431,0.0,0.03387458994984627,0.0,0.0001484519598307088,1.0,0.997972309589386,1.0,0.9749135971069336,0.0,0.012256967835128307,0.0,5.8822555729420856e-05,1.0,0.974857747554779,1.0,0.9751397967338562,0.0,0.02384471334517002,0.0,4.905979221803136e-05,0.0,0.39625436067581177,1.0,0.9786792397499084,0.0,0.0028732484206557274,0.0,8.104667358566076e-05,0.0,0.0019388695945963264,1.0,0.9710946679115295,0.0,0.0006482190801762044,0.0,0.00014304870273917913,0.0,2.470337858540006e-05,1.0,0.956517219543457,0.0,0.0003349395119585097,0.0,0.0002769855782389641,0.0,0.0004846343072131276,1.0,0.9253911375999451,0.0,0.00018553670088294894,0.0,0.0005877759540453553,0.0,1.3880340077321307e-07,1.0,0.9388602375984192,0.0,0.00033710317802615464,0.0,0.001111100777052343,0.0,2.9042404037227243e-09,1.0,0.9669158458709717,0.0,0.0003134689468424767,0.0,0.001523854210972786
AB_CF,ECG5000,1950,0,2,0.2541,0.1,0.1,127.7561,15.6951,8.4655,1.0,0.999933123588562,1.0,0.9993917942047119,1.0,0.8475802540779114,0.0,0.007747134193778038,1.0,0.9999809265136719,1.0,0.9984163045883179,1.0,0.578333854675293,0.0,0.00124592415522784,1.0,0.9998247027397156,1.0,0.9987793564796448,0.0,0.07122252881526947,0.0,0.0005124404560774565,1.0,0.9993569254875183,1.0,0.9971283078193665,0.0,0.021509116515517235,0.0,0.00046112696873024106,0.0,0.35505223274230957,1.0,0.9896655678749084,0.0,0.007954990491271019,0.0,0.0004972781171090901,0.0,0.005342599470168352,1.0,0.9750187397003174,0.0,0.0024080672301352024,0.0,0.000411792570957914,0.0,0.00209108111448586,1.0,0.957295835018158,0.0,0.0012004144955426455,0.0,0.00014582656149286777,0.0,5.009998494642787e-05,1.0,0.9491486549377441,0.0,0.00022185307170730084,0.0,5.9313435485819355e-05,0.0,5.691912292604684e-07,1.0,0.9403574466705322,0.0,9.931091335602105e-05,0.0,6.994961586315185e-05,0.0,2.0261329325421684e-07,1.0,0.900931179523468,0.0,0.00021485223260242492,0.0,0.0001600248651811853,0.0,4.4294914958165066e-10,1.0,0.7682579755783081,0.0,0.0030844255816191435,0.0,0.00043187313713133335
AB_CF,ECG5000,1987,0,3,0.4132,0.5,0.5,40.5176,6.1095,2.5783,1.0,0.997543215751648,1.0,0.9988597631454468,1.0,0.4449016749858856,0.0,0.0004155697242822498,1.0,0.999138593673706,1.0,0.9991791844367981,0.0,0.009704718366265297,0.0,8.495079782733228e-06,1.0,0.999813973903656,1.0,0.9995359182357788,0.0,0.00036880874540656805,0.0,1.3121182291797595e-06,1.0,0.9971659779548645,1.0,0.9992237091064453,0.0,3.985766306868754e-05,0.0,6.330049018288264e-07,1.0,0.9722853899002075,1.0,0.9980220794677734,0.0,8.204085133911576e-06,0.0,8.205942094718921e-07,0.0,0.028125381097197533,1.0,0.9937468767166138,0.0,2.4258977646240965e-05,0.0,2.3400673399009975e-06,0.0,0.0027530447114259005,1.0,0.9761861562728882,0.0,1.5044271094666328e-05,0.0,6.134137038316112e-06,0.0,2.188191729146638e-06,1.0,0.9349027276039124,0.0,5.364768185245339e-06,0.0,2.0727580704260617e-05,0.0,4.001348372639768e-07,1.0,0.8544657230377197,0.0,6.936673457857978e-08,0.0,7.300017023226246e-05,0.0,1.0152383111972085e-07,1.0,0.6995919346809387,0.0,1.3522362678486388e-06,0.0,0.0002003465051529929,0.0,7.46864847744888e-10,1.0,0.5053238272666931,0.0,1.3486599614864758e-09,0.0,0.00032820829073898494
AB_CF,ECG5000,1189,0,3,0.3963,0.4071,0.4,53.3667,9.4428,3.2577,1.0,0.9988227486610413,1.0,0.9975278973579407,1.0,0.811071515083313,0.0,0.008610988967120647,1.0,0.9999483823776245,1.0,0.9949746131896973,0.0,0.3089592158794403,0.0,0.00030823267297819257,1.0,0.9999483823776245,1.0,0.9968258142471313,1.0,0.42985185980796814,0.0,1.7959413526114076e-05,1.0,0.7323784828186035,1.0,0.9968923926353455,0.0,0.04614681750535965,0.0,8.8267652245122e-06,1.0,0.8178853392601013,1.0,0.9966660141944885,0.0,0.0022894071880728006,0.0,9.071545719052665e-06,0.0,0.06699329614639282,1.0,0.9940565824508667,0.0,0.0005485460860654712,0.0,1.0990397640853189e-05,0.0,0.19555984437465668,1.0,0.9833305478096008,0.0,4.6422002924373373e-05,0.0,1.210891696246108e-05,0.0,1.5678291447329684e-06,1.0,0.9383226037025452,0.0,9.268632129533216e-05,0.0,1.1141199138364755e-05,0.0,3.595452290028334e-05,1.0,0.7987944483757019,0.0,4.67985000796034e-06,0.0,1.4305649528978392e-05,0.0,8.245875093848554e-09,1.0,0.528808057308197,0.0,4.006143626611447e-06,0.0,2.0586379832820967e-05,0.0,1.855805997763582e-08,0.0,0.26489901542663574,0.0,4.1120280513951e-09,0.0,2.9256625566631556e-05
AB_CF,ECG5000,1484,0,4,0.1401,0.0,0.0,87.4612,12.4217,4.0907,1.0,0.998772919178009,1.0,0.9980190992355347,1.0,0.9675211906433105,0.0,5.172071905690245e-05,1.0,0.9999185800552368,1.0,0.9793288707733154,1.0,0.9279987215995789,0.0,4.484219971345738e-06,1.0,0.9985677003860474,1.0,0.9913759827613831,1.0,0.5537601709365845,0.0,3.3715236895659473e-06,1.0,0.9441369771957397,1.0,0.9874022603034973,1.0,0.9979975819587708,0.0,1.04623823062866e-05,1.0,0.7479156851768494,1.0,0.9726802110671997,1.0,0.9984123706817627,0.0,5.49602227692958e-05,0.0,0.0005511322524398565,1.0,0.968377947807312,1.0,0.999534010887146,0.0,0.00041528386645950377,0.0,5.213904387346702e-06,1.0,0.9632371664047241,1.0,0.999416708946228,0.0,0.0026672757230699062,0.0,3.0908391636330634e-05,1.0,0.9160712361335754,1.0,0.999908447265625,0.0,0.017031807452440262,0.0,3.4226072784804273e-06,1.0,0.675314724445343,1.0,0.9999731779098511,0.0,0.09071249514818192,0.0,1.8322319661479014e-08,0.0,0.2990979850292206,1.0,0.99587482213974,0.0,0.2846916615962982,0.0,2.7156545900908213e-09,0.0,0.10900883376598358,1.0,0.9999852180480957,1.0,0.4991943836212158
AB_CF,ECG5000,2421,0,4,0.1205,0.0071,0.0,92.0572,11.916,5.8023,1.0,0.9997760653495789,1.0,0.9955701231956482,1.0,0.9675211906433105,0.0,5.172071905690245e-05,1.0,0.9992783665657043,1.0,0.9046509265899658,1.0,0.9403334259986877,0.0,4.484219971345738e-06,1.0,0.9992664456367493,1.0,0.6607146263122559,1.0,0.8042476773262024,0.0,3.3715236895659473e-06,1.0,0.9805465340614319,0.0,0.220560684800148,1.0,0.9872667193412781,0.0,1.04623823062866e-05,1.0,0.828926146030426,0.0,0.11303311586380005,1.0,0.9989823698997498,0.0,5.49602227692958e-05,0.0,0.15393784642219543,0.0,0.21104758977890015,1.0,0.9998261332511902,0.0,0.00041528386645950377,0.0,8.243169577326626e-05,0.0,0.4420505464076996,1.0,0.9999508857727051,0.0,0.0026672757230699062,0.0,0.0003619552298914641,1.0,0.7297975420951843,1.0,0.9999278783798218,0.0,0.017031807452440262,0.0,2.550200633777422e-06,1.0,0.8454652428627014,1.0,0.9999556541442871,0.0,0.09071249514818192,0.0,4.4022684164701786e-07,1.0,0.800319254398346,1.0,0.999994158744812,0.0,0.2846916615962982,0.0,1.8339492424690462e-10,1.0,0.62241131067276,1.0,0.9999737739562988,1.0,0.4991943836212158
AB_CF,ECG5000,143,0,2,0.2932,0.2,0.2,84.1554,13.0632,5.6561,1.0,0.9998703002929688,1.0,0.9993873834609985,1.0,0.9401766657829285,0.0,0.0020059943199157715,1.0,0.999963641166687,1.0,0.9993185997009277,1.0,0.8335083723068237,0.0,3.420945358811878e-05,1.0,0.9998492002487183,1.0,0.9997096657752991,1.0,0.34441065788269043,0.0,4.0466029531671666e-06,1.0,0.9961768388748169,1.0,0.9991762042045593,1.0,0.5702292919158936,0.0,2.2879351035953732e-06,1.0,0.9137740731239319,1.0,0.9962201714515686,0.0,0.15807166695594788,0.0,1.769139316820656e-06,0.0,0.22401359677314758,1.0,0.989598274230957,0.0,0.0327143631875515,0.0,2.167294042010326e-06,0.0,0.011534561403095722,1.0,0.9828305244445801,0.0,0.029341261833906174,0.0,2.6292229904356645e-06,0.0,6.759248208254576e-05,1.0,0.9711955189704895,0.0,0.010262378491461277,0.0,5.115012299938826e-06,0.0,7.865579476629136e-08,1.0,0.952202320098877,0.0,0.010228453204035759,0.0,1.100873760151444e-05,0.0,1.1740105554380875e-09,1.0,0.9292974472045898,0.0,0.00960695929825306,0.0,2.2718708351021633e-05,0.0,6.17301765259981e-09,1.0,0.8705893158912659,0.0,0.0012681909138336778,0.0,3.668594217742793e-05
AB_CF,ECG5000,442,0,3,0.3704,0.6,0.6,29.4587,4.5192,2.6213,1.0,0.9997913241386414,1.0,0.9995928406715393,1.0,0.7686859369277954,0.0,0.002376783872023225,1.0,0.9999885559082031,1.0,0.9987181425094604,0.0,0.14705651998519897,0.0,0.00014852896856609732,1.0,0.9999758005142212,1.0,0.9992465972900391,0.0,0.00010646922601154074,0.0,2.7294488972984254e-05,1.0,0.9539424180984497,1.0,0.9990468621253967,0.0,3.372655783095979e-06,0.0,2.3083521227817982e-05,1.0,0.6981855034828186,1.0,0.9979687333106995,0.0,7.531105075031519e-05,0.0,3.403574737603776e-05,0.0,0.20079568028450012,1.0,0.995413601398468,0.0,8.057722880039364e-06,0.0,6.996484444243833e-05,0.0,0.0002222495386376977,1.0,0.9890252947807312,0.0,1.0154282108487678e-06,0.0,0.00012334005441516638,0.0,1.1593831004574895e-05,1.0,0.9796309471130371,0.0,1.2480349198540353e-07,0.0,9.601300553185865e-05,0.0,1.169766150610485e-07,1.0,0.9704228639602661,0.0,2.389430520111091e-08,0.0,7.182217086665332e-05,0.0,1.4408704451795984e-08,1.0,0.9548904895782471,0.0,2.200781494821058e-07,0.0,8.081555279204622e-05,0.0,4.756811056161325e-10,1.0,0.9130642414093018,0.0,1.5544822318247498e-08,0.0,0.00011620920849964023
AB_CF,ECG5000,2502,0,4,0.1439,0.0,0.0,95.3909,12.8235,5.1363,1.0,0.9994280934333801,1.0,0.9986518025398254,1.0,0.9675211906433105,0.0,5.172071905690245e-05,1.0,0.9999529123306274,1.0,0.998935878276825,1.0,0.9197179079055786,0.0,4.484219971345738e-06,1.0,0.9995859265327454,1.0,0.9995294809341431,1.0,0.7705371975898743,0.0,3.3715236895659473e-06,1.0,0.9980136156082153,1.0,0.9989349246025085,1.0,0.9953338503837585,0.0,1.04623823062866e-05,1.0,0.6287994980812073,1.0,0.9979376792907715,1.0,0.998285710811615,0.0,5.49602227692958e-05,0.0,0.09251533448696136,1.0,0.9978355765342712,1.0,0.9990629553794861,0.0,0.00041528386645950377,0.0,0.010285780765116215,1.0,0.9973981380462646,1.0,0.9998629093170166,0.0,0.0026672757230699062,0.0,1.9877050362993032e-05,1.0,0.9945323467254639,1.0,0.9966880679130554,0.0,0.017031807452440262,0.0,2.335746103199199e-06,1.0,0.984779417514801,1.0,0.9999517202377319,0.0,0.09071249514818192,0.0,4.336451908670824e-08,1.0,0.9456586837768555,1.0,0.999984860420227,0.0,0.2846916615962982,0.0,4.98717622754441e-10,1.0,0.7858425378799438,1.0,0.9999874830245972,1.0,0.4991943836212158
AB_CF,ECG5000,4136,1,3,0.3932,0.8,0.8,24.3306,5.1955,2.4864,1.0,0.9420908689498901,0.0,5.886678263777867e-05,1.0,0.7819262742996216,0.0,0.0945809930562973,1.0,0.9496190547943115,0.0,6.610094715142623e-05,0.0,0.3869870901107788,0.0,0.049656614661216736,1.0,0.9852138161659241,0.0,0.00022341452131513506,0.0,0.12698370218276978,0.0,0.004894329700618982,1.0,0.9610080718994141,0.0,0.010417366400361061,0.0,0.04663264751434326,0.0,0.003436851315200329,1.0,0.8455265164375305,0.0,0.2737573981285095,0.0,0.014403384178876877,0.0,0.001504426239989698,1.0,0.656241774559021,1.0,0.7874978184700012,0.0,0.0015019169077277184,0.0,0.0008216933929361403,0.0,0.415048748254776,1.0,0.8709170818328857,0.0,0.0001764053595252335,0.0,0.000649392488412559,0.0,0.07111191749572754,1.0,0.8882541060447693,0.0,3.446984919719398e-05,0.0,0.000536271370947361,0.0,0.003308572107926011,1.0,0.869764506816864,0.0,1.0051035133074038e-06,0.0,0.0004709167988039553,1.0,0.6134933233261108,1.0,0.8060411214828491,0.0,1.5156043673414388e-06,0.0,0.0004284235474187881,0.0,0.05403835326433182,1.0,0.7098706364631653,0.0,1.1237091968041568e-07,0.0,0.00039198645390570164
AB_CF,ECG5000,1055,0,4,0.0999,0.7,0.7,37.9655,9.2854,5.0919,1.0,0.9976378679275513,1.0,0.9970222115516663,1.0,0.9141086935997009,0.0,0.00045636697905138135,1.0,0.9997101426124573,1.0,0.9962806105613708,1.0,0.8624424934387207,0.0,6.042117456672713e-05,1.0,0.9970389604568481,1.0,0.9986974596977234,1.0,0.9723281860351562,0.0,7.33480992494151e-05,1.0,0.9866025447845459,1.0,0.996690034866333,1.0,0.9868691563606262,0.0,0.0001794987911125645,1.0,0.5399025082588196,1.0,0.9908155202865601,1.0,0.9995129108428955,0.0,0.00031505641527473927,0.0,0.0749981552362442,1.0,0.9837555885314941,1.0,0.9961987137794495,0.0,0.0006286994903348386,0.0,0.002291974611580372,1.0,0.9716013669967651,1.0,0.9999182224273682,0.0,0.0018528790678828955,0.0,2.9194676244514994e-05,1.0,0.9272834062576294,1.0,0.9999804496765137,0.0,0.009288893081247807,0.0,1.0571926445379631e-08,1.0,0.784146785736084,1.0,0.9999581575393677,0.0,0.047592755407094955,0.0,5.330500698619289e-07,1.0,0.5414599776268005,1.0,0.9999343156814575,0.0,0.1808146834373474,0.0,4.737703562796014e-09,0.0,0.24522292613983154,1.0,0.9999895095825195,0.0,0.4922155439853668
AB_CF,ECG5000,935,0,2,0.2731,0.0,0.0,89.9864,13.4584,7.3048,1.0,0.9999269247055054,1.0,0.99934321641922,1.0,0.7469638586044312,0.0,0.00195392407476902,1.0,0.9999861717224121,1.0,0.9986613988876343,1.0,0.5443915724754333,0.0,3.223105159122497e-05,1.0,0.9999628067016602,1.0,0.9984502792358398,0.0,0.2679525911808014,0.0,2.1382554677984444e-06,1.0,0.9713575839996338,1.0,0.9972488284111023,0.0,0.2332034707069397,0.0,7.694368946431496e-07,0.0,0.2760487496852875,1.0,0.9914134740829468,0.0,0.08667097240686417,0.0,6.204458031788818e-07,0.0,0.14990362524986267,1.0,0.9669088125228882,0.0,0.12564097344875336,0.0,9.419140383215563e-07,0.0,0.0007714621024206281,1.0,0.9024217128753662,0.0,0.012173422612249851,0.0,1.7663811604506918e-06,0.0,7.228525646496564e-06,1.0,0.8417689204216003,0.0,0.005914837587624788,0.0,4.132865342398873e-06,0.0,1.4172848750604317e-05,1.0,0.7889615893363953,0.0,0.0005155535181984305,0.0,8.56668430060381e-06,0.0,3.1981418402438067e-08,1.0,0.7301138639450073,0.0,0.00662284716963768,0.0,1.4374664715433028e-05,0.0,1.784283831796074e-08,1.0,0.6194088459014893,0.0,0.001478935475461185,0.0,1.9653090930660255e-05
AB_CF,ECG5000,2313,0,3,0.3724,0.8,0.8,51.0301,10.645,3.8191,1.0,0.999808132648468,1.0,0.9995957016944885,1.0,0.4846075475215912,0.0,0.0002649130183272064,1.0,0.99993896484375,1.0,0.9997915625572205,0.0,0.18987900018692017,0.0,6.090139777370496e-06,1.0,0.9997803568840027,1.0,0.9999759197235107,0.0,0.13950982689857483,0.0,5.741501354350476e-07,1.0,0.9947391152381897,1.0,0.9998892545700073,0.0,0.040877047926187515,0.0,8.069592354331689e-07,1.0,0.5584564805030823,1.0,0.9983445405960083,0.0,0.007005827967077494,0.0,2.7296541702526156e-06,0.0,0.030092250555753708,1.0,0.9811185598373413,0.0,0.00014178566925693303,0.0,1.0834496606548782e-05,0.0,0.00023042541579343379,1.0,0.8901292085647583,0.0,1.3407683354671462e-06,0.0,5.9404348576208577e-05,0.0,2.9372074550337857e-06,1.0,0.7136018872261047,0.0,0.00012045614130329341,0.0,0.00018339614325668663,0.0,6.1530845414381474e-06,1.0,0.5499296188354492,0.0,6.47599790681852e-07,0.0,0.0003274092450737953,0.0,1.4763614331059216e-07,0.0,0.41026070713996887,0.0,6.082905201765243e-06,0.0,0.0004095494223292917,0.0,1.2071881272390783e-08,0.0,0.36904436349868774,0.0,8.296242270944276e-08,0.0,0.000484319927636534
AB_CF,ECG5000,1600,0,4,0.1382,0.0,0.0,98.3689,13.3969,3.6979,1.0,0.9990566372871399,1.0,0.9978006482124329,1.0,0.9675211906433105,0.0,5.172071905690245e-05,1.0,0.9996041655540466,1.0,0.997118353843689,1.0,0.9269115328788757,0.0,4.484219971345738e-06,1.0,0.9994840621948242,1.0,0.9950078725814819,1.0,0.9497074484825134,0.0,3.3715236895659473e-06,1.0,0.9902687072753906,1.0,0.9818241000175476,1.0,0.9952437281608582,0.0,1.04623823062866e-05,1.0,0.6547433137893677,1.0,0.8978606462478638,1.0,0.9993118047714233,0.0,5.49602227692958e-05,0.0,0.0006045108893886209,1.0,0.7460929751396179,1.0,0.9995361566543579,0.0,0.00041528386645950377,0.0,0.00011509346950333565,1.0,0.7385516166687012,1.0,0.9997367262840271,0.0,0.0026672757230699062,0.0,6.894114221722702e-07,1.0,0.7841073870658875,1.0,0.9997648596763611,0.0,0.017031807452440262,0.0,2.1787975583720254e-06,1.0,0.7488802671432495,1.0,0.9995982050895691,0.0,0.09071249514818192,0.0,9.209248474917331e-08,1.0,0.5735874176025391,1.0,0.9999896287918091,0.0,0.2846916615962982,0.0,2.4673318943513323e-10,0.0,0.34984922409057617,1.0,0.9975860118865967,1.0,0.4991943836212158
AB_CF,ECG5000,496,0,4,0.0838,0.9,0.9,19.5447,5.582,3.7105,1.0,0.9973260164260864,1.0,0.999812662601471,1.0,0.5706585049629211,0.0,7.123803698050324e-06,1.0,0.9990574717521667,1.0,0.9994651675224304,1.0,0.5833360552787781,0.0,2.2756619273422984e-06,1.0,0.9834797382354736,1.0,0.9962288737297058,1.0,0.7994208931922913,0.0,3.690115590870846e-06,1.0,0.9605811238288879,1.0,0.9272832870483398,1.0,0.971989095211029,0.0,2.648339795996435e-05,0.0,0.4916662275791168,1.0,0.5630710124969482,1.0,0.9879549741744995,0.0,0.0003414425300434232,0.0,0.005466796457767487,0.0,0.33988019824028015,1.0,0.9984318614006042,0.0,0.002263902686536312,0.0,4.813132909475826e-05,0.0,0.2538352310657501,1.0,0.9974285960197449,0.0,0.010380209423601627,0.0,1.009320931188995e-05,0.0,0.1850099265575409,1.0,0.9995085000991821,0.0,0.032895490527153015,0.0,1.0973417374771088e-06,0.0,0.1286175400018692,1.0,0.9972223043441772,0.0,0.09491044282913208,0.0,6.032449562098918e-08,0.0,0.09198851138353348,1.0,0.998867392539978,0.0,0.18360908329486847,0.0,2.095868145701729e-09,0.0,0.06301363557577133,1.0,0.9997921586036682,0.0,0.2843376100063324
AB_CF,ECG5000,1493,0,4,0.0794,0.9,0.9,14.263,4.3822,3.9638,1.0,0.9984989166259766,1.0,0.9998268485069275,1.0,0.47728025913238525,0.0,1.1309415640425868e-05,1.0,0.9995890259742737,1.0,0.999758780002594,0.0,0.4506017565727234,0.0,2.492653038643766e-06,1.0,0.9976128339767456,1.0,0.9999159574508667,0.0,0.24461498856544495,0.0,2.111075900756987e-06,1.0,0.9731819033622742,1.0,0.9998735189437866,1.0,0.9226270318031311,0.0,7.156886113079963e-06,1.0,0.7938660383224487,1.0,0.9996626377105713,1.0,0.9906094670295715,0.0,3.735979407792911e-05,0.0,0.05008525773882866,1.0,0.998793363571167,1.0,0.9973664879798889,0.0,0.00019816751591861248,0.0,0.0018916588742285967,1.0,0.9949642419815063,1.0,0.9994878768920898,0.0,0.0009031788795255125,0.0,8.531156345270574e-05,1.0,0.9823623299598694,1.0,0.9993591904640198,0.0,0.002412711037322879,0.0,1.513894949312089e-05,1.0,0.9613276720046997,1.0,0.9998888969421387,0.0,0.00472948607057333,0.0,2.820485747179191e-07,1.0,0.9424970149993896,1.0,0.9994871616363525,0.0,0.007346570957452059,0.0,1.7218676262586996e-08,1.0,0.9216756820678711,1.0,0.9999738931655884,0.0,0.009350215084850788
AB_CF,ECG5000,295,0,2,0.2526,0.1071,0.1,108.4079,13.5445,6.3845,1.0,0.9997554421424866,1.0,0.9989376664161682,1.0,0.8510358929634094,0.0,0.007747134193778038,1.0,0.9999779462814331,1.0,0.9982602000236511,0.0,0.37664395570755005,0.0,0.0010391821851953864,1.0,0.999910831451416,1.0,0.9974804520606995,0.0,0.014584473334252834,0.0,0.00036911663482896984,1.0,0.9988572597503662,1.0,0.9921464323997498,0.0,0.02452833764255047,0.0,0.00029358617030084133,1.0,0.8685459494590759,1.0,0.9717820286750793,0.0,0.005824524909257889,0.0,0.0003201481304131448,0.0,0.07000312209129333,1.0,0.9269043803215027,0.0,0.007329986430704594,0.0,0.00024626063532195985,0.0,0.005020833574235439,1.0,0.885130763053894,0.0,0.00040510485996492207,0.0,9.107588266488165e-05,0.0,0.00046663047396577895,1.0,0.8647212386131287,0.0,0.001119168708100915,0.0,3.451098018558696e-05,0.0,3.6546363844536245e-05,1.0,0.8272949457168579,0.0,0.00020297673472668976,0.0,3.846946856356226e-05,0.0,1.6134508840082162e-08,1.0,0.7705584764480591,0.0,0.0006941754254512489,0.0,8.827376586850733e-05,0.0,5.8035905942110944e-11,1.0,0.6729901432991028,0.0,0.0005601087468676269,0.0,0.0002684018400032073
AB_CF,ECG5000,2241,0,2,0.2435,0.4,0.4,88.5527,12.5635,5.7196,1.0,0.999943733215332,1.0,0.9979609251022339,1.0,0.8141602873802185,0.0,0.02585473842918873,1.0,0.99997878074646,1.0,0.990994393825531,0.0,0.17386727035045624,0.0,0.006015768274664879,1.0,0.9999731779098511,1.0,0.9962041974067688,0.0,0.004482754040509462,0.0,0.0011418634094297886,1.0,0.9987282156944275,1.0,0.9971555471420288,0.0,0.014740473590791225,0.0,0.00023389053239952773,1.0,0.9064733982086182,1.0,0.9968478083610535,0.0,0.007825390435755253,0.0,6.354387005558237e-05,0.0,0.01023123599588871,1.0,0.9956837892532349,0.0,0.0006439411663450301,0.0,4.5477107050828636e-05,0.0,0.00014526832092087716,1.0,0.9905487895011902,0.0,0.0010030715493485332,0.0,4.442339559318498e-05,0.0,1.611749939911533e-05,1.0,0.9795522093772888,0.0,0.00021196847956161946,0.0,3.123562419204973e-05,0.0,0.00017170922365039587,1.0,0.9739744067192078,0.0,0.0006786758312955499,0.0,2.7149137167725712e-05,0.0,1.4563789818566875e-07,1.0,0.9718732237815857,0.0,0.0016324941534548998,0.0,5.1738177717197686e-05,0.0,1.9488473335105283e-10,1.0,0.9681042432785034,0.0,0.0001840242330217734,0.0,0.0001471910800319165
AB_CF,ECG5000,121,0,2,0.2465,0.2,0.2,96.6359,11.964,4.2271,1.0,0.9999628067016602,1.0,0.9892087578773499,1.0,0.5285244584083557,0.0,3.05505127471406e-05,1.0,0.9999818801879883,1.0,0.9556961059570312,0.0,0.2980024516582489,0.0,6.563353963429108e-06,1.0,0.9998347759246826,1.0,0.9681260585784912,0.0,0.04433709383010864,0.0,1.8030584669759264e-06,1.0,0.9984560012817383,1.0,0.9586373567581177,0.0,0.05307469889521599,0.0,1.1554325283213984e-06,0.0,0.48562222719192505,1.0,0.9137524962425232,0.0,0.013821855187416077,0.0,1.4036135098649538e-06,0.0,0.05252309516072273,1.0,0.8456880450248718,0.0,0.003938905894756317,0.0,1.6977830910036573e-06,0.0,0.003410658333450556,1.0,0.7994809150695801,0.0,0.001982384826987982,0.0,1.6701746972103138e-06,0.0,0.00025097228353843093,1.0,0.7556524276733398,0.0,0.0007577934884466231,0.0,2.65556786871457e-06,0.0,2.6517161586525617e-06,1.0,0.6658788323402405,0.0,0.0016013721469789743,0.0,7.427283435390564e-06,0.0,3.8327738205445883e-10,1.0,0.5629745721817017,0.0,0.000864652800373733,0.0,2.6798417820828035e-05,0.0,2.4040463131314027e-07,1.0,0.5055834650993347,0.0,0.0006961204344406724,0.0,0.0001060504509950988
